"9s8rTSN1Z1gDQuoV3PL6","Test_Corp_7","4","154","746189977008001","746189978008001","4","1","0"
"9s8rTSN1Z1gDQuoV3PL6","Test_Corp_7","2","624","746189977008002","746189978008002","5","1","1"
"9s8rTSN1Z1gDQuoV3PL6","Test_Corp_7","3","1932","746189977008003","746189978008003","4","1","0"
"9s8rTSN1Z1gDQuoV3PL6","Test_Corp_7","1","17","746189977008004","746189978008004","5","1","1"
"9s8rTSN1Z1gDQuoV3PL6","Test_Corp_7","4","629","746189977008005","746189978008005","4","1","1"
"9s8rTSN1Z1gDQuoV3PL6","Test_Corp_7","1","309","746189977008006","746189978008006","5","1","0"
"9s8rTSN1Z1gDQuoV3PL6","Test_Corp_7","2","816","746189977008007","746189978008007","4","1","1"
"9s8rTSN1Z1gDQuoV3PL6","Test_Corp_7","3","647","746189977008008","746189978008008","5","1","0"
"9s8rTSN1Z1gDQuoV3PL6","Test_Corp_7","999","53","746189977008009","746189978008009","4","1","1"
"9s8rTSN1Z1gDQuoV3PL6","Test_Corp_7","2","745","746189977008010","746189978008010","5","1","0"
"9s8rTSN1Z1gDQuoV3PL6","Test_Corp_7","3","1239","746189977008011","746189978008011","4","1","1"
"9s8rTSN1Z1gDQuoV3PL6","Test_Corp_7","3","1823","746189977008012","746189978008012","5","1","1"
"9s8rTSN1Z1gDQuoV3PL6","Test_Corp_7","1","1757","746189977008013","746189978008013","4","1","0"
"9s8rTSN1Z1gDQuoV3PL6","Test_Corp_7","999","1393","746189977008014","746189978008014","5","1","1"
"9s8rTSN1Z1gDQuoV3PL6","Test_Corp_7","4","1228","746189977008015","746189978008015","4","1","0"
"9s8rTSN1Z1gDQuoV3PL6","Test_Corp_7","2","1797","746189977008016","746189978008016","5","1","1"
"9s8rTSN1Z1gDQuoV3PL6","Test_Corp_7","1","1922","746189977008017","746189978008017","4","1","0"
"9s8rTSN1Z1gDQuoV3PL6","Test_Corp_7","2","1157","746189977008018","746189978008018","5","1","1"
"9s8rTSN1Z1gDQuoV3PL6","Test_Corp_7","3","126","746189977008019","746189978008019","4","1","1"
"9s8rTSN1Z1gDQuoV3PL6","Test_Corp_7","2","435","746189977008020","746189978008020","5","1","0"
"9s8rTSN1Z1gDQuoV3PL6","Test_Corp_7","2","1082","746189977008021","746189978008021","4","1","1"
"9s8rTSN1Z1gDQuoV3PL6","Test_Corp_7","4","802","746189977008022","746189978008022","5","1","0"
"9s8rTSN1Z1gDQuoV3PL6","Test_Corp_7","3","1320","746189977008023","746189978008023","4","1","1"
"9s8rTSN1Z1gDQuoV3PL6","Test_Corp_7","999","1435","746189977008024","746189978008024","5","1","0"
"9s8rTSN1Z1gDQuoV3PL6","Test_Corp_7","3","703","746189977008025","746189978008025","4","1","1"
"9s8rTSN1Z1gDQuoV3PL6","Test_Corp_7","1","1393","746189977008026","746189978008026","5","1","1"
"9s8rTSN1Z1gDQuoV3PL6","Test_Corp_7","3","245","746189977008027","746189978008027","4","1","0"
"9s8rTSN1Z1gDQuoV3PL6","Test_Corp_7","4","133","746189977008028","746189978008028","5","1","1"
"9s8rTSN1Z1gDQuoV3PL6","Test_Corp_7","3","95","746189977008029","746189978008029","4","1","0"
"9s8rTSN1Z1gDQuoV3PL6","Test_Corp_7","1","1582","746189977008030","746189978008030","5","1","1"
"9s8rTSN1Z1gDQuoV3PL6","Test_Corp_7","999","1813","746189977008031","746189978008031","4","1","0"
"9s8rTSN1Z1gDQuoV3PL6","Test_Corp_7","3","975","746189977008032","746189978008032","5","1","1"
"9s8rTSN1Z1gDQuoV3PL6","Test_Corp_7","3","409","746189977008033","746189978008033","4","1","1"
"9s8rTSN1Z1gDQuoV3PL6","Test_Corp_7","4","1329","746189977008034","746189978008034","5","1","0"
"9s8rTSN1Z1gDQuoV3PL6","Test_Corp_7","999","473","746189977008035","746189978008035","4","1","1"
"9s8rTSN1Z1gDQuoV3PL6","Test_Corp_7","3","466","746189977008036","746189978008036","5","1","0"
"9s8rTSN1Z1gDQuoV3PL6","Test_Corp_7","4","338","746189977008037","746189978008037","4","1","1"
"9s8rTSN1Z1gDQuoV3PL6","Test_Corp_7","2","902","746189977008038","746189978008038","5","1","0"
"9s8rTSN1Z1gDQuoV3PL6","Test_Corp_7","2","1526","746189977008039","746189978008039","4","1","1"
"9s8rTSN1Z1gDQuoV3PL6","Test_Corp_7","3","1544","746189977008040","746189978008040","5","1","1"
"9s8rTSN1Z1gDQuoV3PL6","Test_Corp_7","999","1137","746189977008041","746189978008041","4","1","0"
"9s8rTSN1Z1gDQuoV3PL6","Test_Corp_7","4","1543","746189977008042","746189978008042","5","1","1"
"9s8rTSN1Z1gDQuoV3PL6","Test_Corp_7","2","1308","746189977008043","746189978008043","4","1","0"
"9s8rTSN1Z1gDQuoV3PL6","Test_Corp_7","999","1469","746189977008044","746189978008044","5","1","1"
"9s8rTSN1Z1gDQuoV3PL6","Test_Corp_7","999","1576","746189977008045","746189978008045","4","1","0"
"9s8rTSN1Z1gDQuoV3PL6","Test_Corp_7","3","141","746189977008046","746189978008046","5","1","1"
"9s8rTSN1Z1gDQuoV3PL6","Test_Corp_7","4","958","746189977008047","746189978008047","4","1","1"
"9s8rTSN1Z1gDQuoV3PL6","Test_Corp_7","999","110","746189977008048","746189978008048","5","1","0"
"9s8rTSN1Z1gDQuoV3PL6","Test_Corp_7","1","1313","746189977008049","746189978008049","4","1","1"
"9s8rTSN1Z1gDQuoV3PL6","Test_Corp_7","1","1415","746189977008050","746189978008050","5","1","0"
"9s8rTSN1Z1gDQuoV3PL6","Test_Corp_7","4","849","746189977008051","746189978008051","4","1","1"
"9s8rTSN1Z1gDQuoV3PL6","Test_Corp_7","2","134","746189977008052","746189978008052","5","1","0"
"9s8rTSN1Z1gDQuoV3PL6","Test_Corp_7","2","1353","746189977008053","746189978008053","4","1","1"
"9s8rTSN1Z1gDQuoV3PL6","Test_Corp_7","1","548","746189977008054","746189978008054","5","1","1"
"9s8rTSN1Z1gDQuoV3PL6","Test_Corp_7","2","1152","746189977008055","746189978008055","4","1","0"
"9s8rTSN1Z1gDQuoV3PL6","Test_Corp_7","4","589","746189977008056","746189978008056","5","1","1"
"9s8rTSN1Z1gDQuoV3PL6","Test_Corp_7","3","1531","746189977008057","746189978008057","4","1","0"
"9s8rTSN1Z1gDQuoV3PL6","Test_Corp_7","1","226","746189977008058","746189978008058","5","1","1"
"9s8rTSN1Z1gDQuoV3PL6","Test_Corp_7","2","240","746189977008059","746189978008059","4","1","0"
"9s8rTSN1Z1gDQuoV3PL6","Test_Corp_7","2","1667","746189977008060","746189978008060","5","1","1"
"9s8rTSN1Z1gDQuoV3PL6","Test_Corp_7","1","1374","746189977008061","746189978008061","4","1","1"
"9s8rTSN1Z1gDQuoV3PL6","Test_Corp_7","1","1329","746189977008062","746189978008062","5","1","0"
"9s8rTSN1Z1gDQuoV3PL6","Test_Corp_7","999","1070","746189977008063","746189978008063","4","1","1"
"9s8rTSN1Z1gDQuoV3PL6","Test_Corp_7","3","443","746189977008064","746189978008064","5","1","0"
"9s8rTSN1Z1gDQuoV3PL6","Test_Corp_7","2","778","746189977008065","746189978008065","4","1","1"
"9s8rTSN1Z1gDQuoV3PL6","Test_Corp_7","1","547","746189977008066","746189978008066","5","1","0"
"9s8rTSN1Z1gDQuoV3PL6","Test_Corp_7","2","935","746189977008067","746189978008067","4","1","1"
"9s8rTSN1Z1gDQuoV3PL6","Test_Corp_7","999","281","746189977008068","746189978008068","5","1","1"
"9s8rTSN1Z1gDQuoV3PL6","Test_Corp_7","4","765","746189977008069","746189978008069","4","1","0"
"9s8rTSN1Z1gDQuoV3PL6","Test_Corp_7","3","74","746189977008070","746189978008070","5","1","1"
"9s8rTSN1Z1gDQuoV3PL6","Test_Corp_7","999","313","746189977008071","746189978008071","4","1","0"
"9s8rTSN1Z1gDQuoV3PL6","Test_Corp_7","1","57","746189977008072","746189978008072","5","1","1"
"9s8rTSN1Z1gDQuoV3PL6","Test_Corp_7","3","1567","746189977008073","746189978008073","4","1","0"
"9s8rTSN1Z1gDQuoV3PL6","Test_Corp_7","1","1436","746189977008074","746189978008074","5","1","1"
"9s8rTSN1Z1gDQuoV3PL6","Test_Corp_7","999","1288","746189977008075","746189978008075","4","1","1"
"9s8rTSN1Z1gDQuoV3PL6","Test_Corp_7","3","1262","746189977008076","746189978008076","5","1","0"
"9s8rTSN1Z1gDQuoV3PL6","Test_Corp_7","999","220","746189977008077","746189978008077","4","1","1"
"9s8rTSN1Z1gDQuoV3PL6","Test_Corp_7","999","554","746189977008078","746189978008078","5","1","0"
"9s8rTSN1Z1gDQuoV3PL6","Test_Corp_7","4","938","746189977008079","746189978008079","4","1","1"
"9s8rTSN1Z1gDQuoV3PL6","Test_Corp_7","1","842","746189977008080","746189978008080","5","1","0"
"9s8rTSN1Z1gDQuoV3PL6","Test_Corp_7","3","1681","746189977008081","746189978008081","4","1","1"
"9s8rTSN1Z1gDQuoV3PL6","Test_Corp_7","4","307","746189977008082","746189978008082","5","1","1"
"9s8rTSN1Z1gDQuoV3PL6","Test_Corp_7","2","848","746189977008083","746189978008083","4","1","0"
"9s8rTSN1Z1gDQuoV3PL6","Test_Corp_7","4","1380","746189977008084","746189978008084","5","1","1"
"9s8rTSN1Z1gDQuoV3PL6","Test_Corp_7","4","1168","746189977008085","746189978008085","4","1","0"
"9s8rTSN1Z1gDQuoV3PL6","Test_Corp_7","999","1365","746189977008086","746189978008086","5","1","1"
"9s8rTSN1Z1gDQuoV3PL6","Test_Corp_7","4","559","746189977008087","746189978008087","4","1","0"
"9s8rTSN1Z1gDQuoV3PL6","Test_Corp_7","2","1000","746189977008088","746189978008088","5","1","1"
"9s8rTSN1Z1gDQuoV3PL6","Test_Corp_7","999","913","746189977008089","746189978008089","4","1","1"
"9s8rTSN1Z1gDQuoV3PL6","Test_Corp_7","999","1975","746189977008090","746189978008090","5","1","0"
"9s8rTSN1Z1gDQuoV3PL6","Test_Corp_7","3","418","746189977008091","746189978008091","4","1","1"
"9s8rTSN1Z1gDQuoV3PL6","Test_Corp_7","1","1769","746189977008092","746189978008092","5","1","0"
"9s8rTSN1Z1gDQuoV3PL6","Test_Corp_7","2","1360","746189977008093","746189978008093","4","1","1"
"9s8rTSN1Z1gDQuoV3PL6","Test_Corp_7","4","1542","746189977008094","746189978008094","5","1","0"
"9s8rTSN1Z1gDQuoV3PL6","Test_Corp_7","999","196","746189977008095","746189978008095","4","1","1"
"9s8rTSN1Z1gDQuoV3PL6","Test_Corp_7","3","815","746189977008096","746189978008096","5","1","1"
"9s8rTSN1Z1gDQuoV3PL6","Test_Corp_7","2","1231","746189977008097","746189978008097","4","1","0"
"9s8rTSN1Z1gDQuoV3PL6","Test_Corp_7","2","535","746189977008098","746189978008098","5","1","1"
"9s8rTSN1Z1gDQuoV3PL6","Test_Corp_7","999","1567","746189977008099","746189978008099","4","1","0"
"9s8rTSN1Z1gDQuoV3PL6","Test_Corp_7","999","535","746189977008100","746189978008100","5","1","1"
"9s8rTSN1Z1gDQuoV3PL6","Test_Corp_7","1","1507","746189977008101","746189978008101","4","1","0"
"9s8rTSN1Z1gDQuoV3PL6","Test_Corp_7","1","81","746189977008102","746189978008102","5","1","1"
"9s8rTSN1Z1gDQuoV3PL6","Test_Corp_7","999","466","746189977008103","746189978008103","4","1","1"
"9s8rTSN1Z1gDQuoV3PL6","Test_Corp_7","4","76","746189977008104","746189978008104","5","1","0"
"9s8rTSN1Z1gDQuoV3PL6","Test_Corp_7","3","501","746189977008105","746189978008105","4","1","1"
"9s8rTSN1Z1gDQuoV3PL6","Test_Corp_7","2","1030","746189977008106","746189978008106","5","1","0"
"9s8rTSN1Z1gDQuoV3PL6","Test_Corp_7","3","928","746189977008107","746189978008107","4","1","1"
"9s8rTSN1Z1gDQuoV3PL6","Test_Corp_7","3","412","746189977008108","746189978008108","5","1","0"
"9s8rTSN1Z1gDQuoV3PL6","Test_Corp_7","3","37","746189977008109","746189978008109","4","1","1"
"9s8rTSN1Z1gDQuoV3PL6","Test_Corp_7","3","176","746189977008110","746189978008110","5","1","1"
"9s8rTSN1Z1gDQuoV3PL6","Test_Corp_7","3","392","746189977008111","746189978008111","4","1","0"
"9s8rTSN1Z1gDQuoV3PL6","Test_Corp_7","2","1647","746189977008112","746189978008112","5","1","1"
"9s8rTSN1Z1gDQuoV3PL6","Test_Corp_7","2","251","746189977008113","746189978008113","4","1","0"
"9s8rTSN1Z1gDQuoV3PL6","Test_Corp_7","1","486","746189977008114","746189978008114","5","1","1"
"9s8rTSN1Z1gDQuoV3PL6","Test_Corp_7","2","1732","746189977008115","746189978008115","4","1","0"
"9s8rTSN1Z1gDQuoV3PL6","Test_Corp_7","2","1161","746189977008116","746189978008116","5","1","1"
"9s8rTSN1Z1gDQuoV3PL6","Test_Corp_7","1","855","746189977008117","746189978008117","4","1","1"
"9s8rTSN1Z1gDQuoV3PL6","Test_Corp_7","999","1372","746189977008118","746189978008118","5","1","0"
"9s8rTSN1Z1gDQuoV3PL6","Test_Corp_7","999","1152","746189977008119","746189978008119","4","1","1"
"9s8rTSN1Z1gDQuoV3PL6","Test_Corp_7","999","1669","746189977008120","746189978008120","5","1","0"
"9s8rTSN1Z1gDQuoV3PL6","Test_Corp_7","1","1057","746189977008121","746189978008121","4","1","1"
"9s8rTSN1Z1gDQuoV3PL6","Test_Corp_7","999","1732","746189977008122","746189978008122","5","1","0"
"9s8rTSN1Z1gDQuoV3PL6","Test_Corp_7","2","185","746189977008123","746189978008123","4","1","1"
"9s8rTSN1Z1gDQuoV3PL6","Test_Corp_7","3","1772","746189977008124","746189978008124","5","1","1"
"9s8rTSN1Z1gDQuoV3PL6","Test_Corp_7","3","42","746189977008125","746189978008125","4","1","0"
"9s8rTSN1Z1gDQuoV3PL6","Test_Corp_7","2","622","746189977008126","746189978008126","5","1","1"
"9s8rTSN1Z1gDQuoV3PL6","Test_Corp_7","2","1610","746189977008127","746189978008127","4","1","0"
"9s8rTSN1Z1gDQuoV3PL6","Test_Corp_7","1","959","746189977008128","746189978008128","5","1","1"
"9s8rTSN1Z1gDQuoV3PL6","Test_Corp_7","999","1919","746189977008129","746189978008129","4","1","0"
"9s8rTSN1Z1gDQuoV3PL6","Test_Corp_7","3","779","746189977008130","746189978008130","5","1","1"
"9s8rTSN1Z1gDQuoV3PL6","Test_Corp_7","3","1353","746189977008131","746189978008131","4","1","1"
"9s8rTSN1Z1gDQuoV3PL6","Test_Corp_7","2","1867","746189977008132","746189978008132","5","1","0"
"9s8rTSN1Z1gDQuoV3PL6","Test_Corp_7","3","1123","746189977008133","746189978008133","4","1","1"
"9s8rTSN1Z1gDQuoV3PL6","Test_Corp_7","4","1584","746189977008134","746189978008134","5","1","0"
"9s8rTSN1Z1gDQuoV3PL6","Test_Corp_7","2","47","746189977008135","746189978008135","4","1","1"
"9s8rTSN1Z1gDQuoV3PL6","Test_Corp_7","1","1726","746189977008136","746189978008136","5","1","0"
"9s8rTSN1Z1gDQuoV3PL6","Test_Corp_7","2","1657","746189977008137","746189978008137","4","1","1"
"9s8rTSN1Z1gDQuoV3PL6","Test_Corp_7","4","1484","746189977008138","746189978008138","5","1","1"
"9s8rTSN1Z1gDQuoV3PL6","Test_Corp_7","999","1619","746189977008139","746189978008139","4","1","0"
"9s8rTSN1Z1gDQuoV3PL6","Test_Corp_7","999","100","746189977008140","746189978008140","5","1","1"
"9s8rTSN1Z1gDQuoV3PL6","Test_Corp_7","4","536","746189977008141","746189978008141","4","1","0"
"9s8rTSN1Z1gDQuoV3PL6","Test_Corp_7","2","604","746189977008142","746189978008142","5","1","1"
"9s8rTSN1Z1gDQuoV3PL6","Test_Corp_7","3","669","746189977008143","746189978008143","4","1","0"
"9s8rTSN1Z1gDQuoV3PL6","Test_Corp_7","999","1700","746189977008144","746189978008144","5","1","1"
"9s8rTSN1Z1gDQuoV3PL6","Test_Corp_7","4","904","746189977008145","746189978008145","4","1","1"
"9s8rTSN1Z1gDQuoV3PL6","Test_Corp_7","999","1292","746189977008146","746189978008146","5","1","0"
"9s8rTSN1Z1gDQuoV3PL6","Test_Corp_7","1","1464","746189977008147","746189978008147","4","1","1"
"9s8rTSN1Z1gDQuoV3PL6","Test_Corp_7","4","276","746189977008148","746189978008148","5","1","0"
"9s8rTSN1Z1gDQuoV3PL6","Test_Corp_7","4","535","746189977008149","746189978008149","4","1","1"
"9s8rTSN1Z1gDQuoV3PL6","Test_Corp_7","1","1958","746189977008150","746189978008150","5","1","0"
"9s8rTSN1Z1gDQuoV3PL6","Test_Corp_7","1","374","746189977008151","746189978008151","4","1","1"
"9s8rTSN1Z1gDQuoV3PL6","Test_Corp_7","999","118","746189977008152","746189978008152","5","1","1"
"9s8rTSN1Z1gDQuoV3PL6","Test_Corp_7","2","361","746189977008153","746189978008153","4","1","0"
"9s8rTSN1Z1gDQuoV3PL6","Test_Corp_7","4","7","746189977008154","746189978008154","5","1","1"
"9s8rTSN1Z1gDQuoV3PL6","Test_Corp_7","4","827","746189977008155","746189978008155","4","1","0"
"9s8rTSN1Z1gDQuoV3PL6","Test_Corp_7","1","1582","746189977008156","746189978008156","5","1","1"
"9s8rTSN1Z1gDQuoV3PL6","Test_Corp_7","2","1613","746189977008157","746189978008157","4","1","0"
"9s8rTSN1Z1gDQuoV3PL6","Test_Corp_7","2","531","746189977008158","746189978008158","5","1","1"
"9s8rTSN1Z1gDQuoV3PL6","Test_Corp_7","2","1294","746189977008159","746189978008159","4","1","1"
"9s8rTSN1Z1gDQuoV3PL6","Test_Corp_7","1","1978","746189977008160","746189978008160","5","1","0"
"9s8rTSN1Z1gDQuoV3PL6","Test_Corp_7","999","1927","746189977008161","746189978008161","4","1","1"
"9s8rTSN1Z1gDQuoV3PL6","Test_Corp_7","4","1931","746189977008162","746189978008162","5","1","0"
"9s8rTSN1Z1gDQuoV3PL6","Test_Corp_7","999","1139","746189977008163","746189978008163","4","1","1"
"9s8rTSN1Z1gDQuoV3PL6","Test_Corp_7","4","113","746189977008164","746189978008164","5","1","0"
"9s8rTSN1Z1gDQuoV3PL6","Test_Corp_7","2","436","746189977008165","746189978008165","4","1","1"
"9s8rTSN1Z1gDQuoV3PL6","Test_Corp_7","1","875","746189977008166","746189978008166","5","1","1"
"9s8rTSN1Z1gDQuoV3PL6","Test_Corp_7","4","1156","746189977008167","746189978008167","4","1","0"
"9s8rTSN1Z1gDQuoV3PL6","Test_Corp_7","1","1657","746189977008168","746189978008168","5","1","1"
"9s8rTSN1Z1gDQuoV3PL6","Test_Corp_7","999","581","746189977008169","746189978008169","4","1","0"
"9s8rTSN1Z1gDQuoV3PL6","Test_Corp_7","999","1546","746189977008170","746189978008170","5","1","1"
"9s8rTSN1Z1gDQuoV3PL6","Test_Corp_7","999","91","746189977008171","746189978008171","4","1","0"
"9s8rTSN1Z1gDQuoV3PL6","Test_Corp_7","999","749","746189977008172","746189978008172","5","1","1"
"9s8rTSN1Z1gDQuoV3PL6","Test_Corp_7","3","127","746189977008173","746189978008173","4","1","1"
"9s8rTSN1Z1gDQuoV3PL6","Test_Corp_7","2","328","746189977008174","746189978008174","5","1","0"
"9s8rTSN1Z1gDQuoV3PL6","Test_Corp_7","4","335","746189977008175","746189978008175","4","1","1"
"9s8rTSN1Z1gDQuoV3PL6","Test_Corp_7","2","490","746189977008176","746189978008176","5","1","0"
"9s8rTSN1Z1gDQuoV3PL6","Test_Corp_7","3","648","746189977008177","746189978008177","4","1","1"
"9s8rTSN1Z1gDQuoV3PL6","Test_Corp_7","1","429","746189977008178","746189978008178","5","1","0"
"9s8rTSN1Z1gDQuoV3PL6","Test_Corp_7","999","1388","746189977008179","746189978008179","4","1","1"
"9s8rTSN1Z1gDQuoV3PL6","Test_Corp_7","2","1501","746189977008180","746189978008180","5","1","1"
"9s8rTSN1Z1gDQuoV3PL6","Test_Corp_7","3","725","746189977008181","746189978008181","4","1","0"
"9s8rTSN1Z1gDQuoV3PL6","Test_Corp_7","2","1433","746189977008182","746189978008182","5","1","1"
"9s8rTSN1Z1gDQuoV3PL6","Test_Corp_7","3","1742","746189977008183","746189978008183","4","1","0"
"9s8rTSN1Z1gDQuoV3PL6","Test_Corp_7","4","1452","746189977008184","746189978008184","5","1","1"
"9s8rTSN1Z1gDQuoV3PL6","Test_Corp_7","1","1847","746189977008185","746189978008185","4","1","0"
"9s8rTSN1Z1gDQuoV3PL6","Test_Corp_7","3","477","746189977008186","746189978008186","5","1","1"
"9s8rTSN1Z1gDQuoV3PL6","Test_Corp_7","999","357","746189977008187","746189978008187","4","1","1"
"9s8rTSN1Z1gDQuoV3PL6","Test_Corp_7","2","1665","746189977008188","746189978008188","5","1","0"
"9s8rTSN1Z1gDQuoV3PL6","Test_Corp_7","4","1090","746189977008189","746189978008189","4","1","1"
"9s8rTSN1Z1gDQuoV3PL6","Test_Corp_7","1","487","746189977008190","746189978008190","5","1","0"
"9s8rTSN1Z1gDQuoV3PL6","Test_Corp_7","999","1273","746189977008191","746189978008191","4","1","1"
"9s8rTSN1Z1gDQuoV3PL6","Test_Corp_7","3","1377","746189977008192","746189978008192","5","1","0"
"9s8rTSN1Z1gDQuoV3PL6","Test_Corp_7","1","731","746189977008193","746189978008193","4","1","1"
"9s8rTSN1Z1gDQuoV3PL6","Test_Corp_7","4","475","746189977008194","746189978008194","5","1","1"
"9s8rTSN1Z1gDQuoV3PL6","Test_Corp_7","4","158","746189977008195","746189978008195","4","1","0"
"9s8rTSN1Z1gDQuoV3PL6","Test_Corp_7","4","1496","746189977008196","746189978008196","5","1","1"
"9s8rTSN1Z1gDQuoV3PL6","Test_Corp_7","4","87","746189977008197","746189978008197","4","1","0"
"9s8rTSN1Z1gDQuoV3PL6","Test_Corp_7","2","1082","746189977008198","746189978008198","5","1","1"
"9s8rTSN1Z1gDQuoV3PL6","Test_Corp_7","4","862","746189977008199","746189978008199","4","1","0"
"9s8rTSN1Z1gDQuoV3PL6","Test_Corp_7","999","569","746189977008200","746189978008200","5","1","1"
"9s8rTSN1Z1gDQuoV3PL6","Test_Corp_7","2","1904","746189977008201","746189978008201","4","1","1"
"9s8rTSN1Z1gDQuoV3PL6","Test_Corp_7","999","244","746189977008202","746189978008202","5","1","0"
"9s8rTSN1Z1gDQuoV3PL6","Test_Corp_7","4","1050","746189977008203","746189978008203","4","1","1"
"9s8rTSN1Z1gDQuoV3PL6","Test_Corp_7","4","1172","746189977008204","746189978008204","5","1","0"
"9s8rTSN1Z1gDQuoV3PL6","Test_Corp_7","4","1653","746189977008205","746189978008205","4","1","1"
"9s8rTSN1Z1gDQuoV3PL6","Test_Corp_7","4","113","746189977008206","746189978008206","5","1","0"
"9s8rTSN1Z1gDQuoV3PL6","Test_Corp_7","2","1193","746189977008207","746189978008207","4","1","1"
"9s8rTSN1Z1gDQuoV3PL6","Test_Corp_7","1","108","746189977008208","746189978008208","5","1","1"
"9s8rTSN1Z1gDQuoV3PL6","Test_Corp_7","999","2","746189977008209","746189978008209","4","1","0"
"9s8rTSN1Z1gDQuoV3PL6","Test_Corp_7","4","1701","746189977008210","746189978008210","5","1","1"
"9s8rTSN1Z1gDQuoV3PL6","Test_Corp_7","4","710","746189977008211","746189978008211","4","1","0"
"9s8rTSN1Z1gDQuoV3PL6","Test_Corp_7","4","470","746189977008212","746189978008212","5","1","1"
"9s8rTSN1Z1gDQuoV3PL6","Test_Corp_7","999","1133","746189977008213","746189978008213","4","1","0"
"9s8rTSN1Z1gDQuoV3PL6","Test_Corp_7","3","444","746189977008214","746189978008214","5","1","1"
"9s8rTSN1Z1gDQuoV3PL6","Test_Corp_7","3","1291","746189977008215","746189978008215","4","1","1"
"9s8rTSN1Z1gDQuoV3PL6","Test_Corp_7","2","806","746189977008216","746189978008216","5","1","0"
"9s8rTSN1Z1gDQuoV3PL6","Test_Corp_7","999","901","746189977008217","746189978008217","4","1","1"
"9s8rTSN1Z1gDQuoV3PL6","Test_Corp_7","4","1933","746189977008218","746189978008218","5","1","0"
"9s8rTSN1Z1gDQuoV3PL6","Test_Corp_7","1","1569","746189977008219","746189978008219","4","1","1"
"9s8rTSN1Z1gDQuoV3PL6","Test_Corp_7","4","336","746189977008220","746189978008220","5","1","0"
"9s8rTSN1Z1gDQuoV3PL6","Test_Corp_7","1","720","746189977008221","746189978008221","4","1","1"
"9s8rTSN1Z1gDQuoV3PL6","Test_Corp_7","999","1993","746189977008222","746189978008222","5","1","1"
"9s8rTSN1Z1gDQuoV3PL6","Test_Corp_7","3","1537","746189977008223","746189978008223","4","1","0"
"9s8rTSN1Z1gDQuoV3PL6","Test_Corp_7","1","799","746189977008224","746189978008224","5","1","1"
"9s8rTSN1Z1gDQuoV3PL6","Test_Corp_7","999","971","746189977008225","746189978008225","4","1","0"
"9s8rTSN1Z1gDQuoV3PL6","Test_Corp_7","1","213","746189977008226","746189978008226","5","1","1"
"9s8rTSN1Z1gDQuoV3PL6","Test_Corp_7","1","738","746189977008227","746189978008227","4","1","0"
"9s8rTSN1Z1gDQuoV3PL6","Test_Corp_7","999","1351","746189977008228","746189978008228","5","1","1"
"9s8rTSN1Z1gDQuoV3PL6","Test_Corp_7","999","1136","746189977008229","746189978008229","4","1","1"
"9s8rTSN1Z1gDQuoV3PL6","Test_Corp_7","2","1672","746189977008230","746189978008230","5","1","0"
"9s8rTSN1Z1gDQuoV3PL6","Test_Corp_7","999","251","746189977008231","746189978008231","4","1","1"
"9s8rTSN1Z1gDQuoV3PL6","Test_Corp_7","3","773","746189977008232","746189978008232","5","1","0"
"9s8rTSN1Z1gDQuoV3PL6","Test_Corp_7","3","1483","746189977008233","746189978008233","4","1","1"
"9s8rTSN1Z1gDQuoV3PL6","Test_Corp_7","999","872","746189977008234","746189978008234","5","1","0"
"9s8rTSN1Z1gDQuoV3PL6","Test_Corp_7","3","1389","746189977008235","746189978008235","4","1","1"
"9s8rTSN1Z1gDQuoV3PL6","Test_Corp_7","3","130","746189977008236","746189978008236","5","1","1"
"9s8rTSN1Z1gDQuoV3PL6","Test_Corp_7","1","1203","746189977008237","746189978008237","4","1","0"
"9s8rTSN1Z1gDQuoV3PL6","Test_Corp_7","999","525","746189977008238","746189978008238","5","1","1"
"9s8rTSN1Z1gDQuoV3PL6","Test_Corp_7","4","1480","746189977008239","746189978008239","4","1","0"
"9s8rTSN1Z1gDQuoV3PL6","Test_Corp_7","2","1511","746189977008240","746189978008240","5","1","1"
"9s8rTSN1Z1gDQuoV3PL6","Test_Corp_7","3","320","746189977008241","746189978008241","4","1","0"
"9s8rTSN1Z1gDQuoV3PL6","Test_Corp_7","4","1331","746189977008242","746189978008242","5","1","1"
"9s8rTSN1Z1gDQuoV3PL6","Test_Corp_7","999","1017","746189977008243","746189978008243","4","1","1"
"9s8rTSN1Z1gDQuoV3PL6","Test_Corp_7","4","511","746189977008244","746189978008244","5","1","0"
"9s8rTSN1Z1gDQuoV3PL6","Test_Corp_7","2","974","746189977008245","746189978008245","4","1","1"
"9s8rTSN1Z1gDQuoV3PL6","Test_Corp_7","4","1699","746189977008246","746189978008246","5","1","0"
"9s8rTSN1Z1gDQuoV3PL6","Test_Corp_7","1","212","746189977008247","746189978008247","4","1","1"
"9s8rTSN1Z1gDQuoV3PL6","Test_Corp_7","3","1411","746189977008248","746189978008248","5","1","0"
"9s8rTSN1Z1gDQuoV3PL6","Test_Corp_7","2","1234","746189977008249","746189978008249","4","1","1"
"9s8rTSN1Z1gDQuoV3PL6","Test_Corp_7","1","1966","746189977008250","746189978008250","5","1","1"
"9s8rTSN1Z1gDQuoV3PL6","Test_Corp_7","1","1383","746189977008251","746189978008251","4","1","0"
"9s8rTSN1Z1gDQuoV3PL6","Test_Corp_7","2","766","746189977008252","746189978008252","5","1","1"
"9s8rTSN1Z1gDQuoV3PL6","Test_Corp_7","2","1545","746189977008253","746189978008253","4","1","0"
"9s8rTSN1Z1gDQuoV3PL6","Test_Corp_7","1","1261","746189977008254","746189978008254","5","1","1"
"9s8rTSN1Z1gDQuoV3PL6","Test_Corp_7","4","1430","746189977008255","746189978008255","4","1","0"
"9s8rTSN1Z1gDQuoV3PL6","Test_Corp_7","1","305","746189977008256","746189978008256","5","1","1"
"9s8rTSN1Z1gDQuoV3PL6","Test_Corp_7","1","254","746189977008257","746189978008257","4","1","1"
"9s8rTSN1Z1gDQuoV3PL6","Test_Corp_7","2","16","746189977008258","746189978008258","5","1","0"
"9s8rTSN1Z1gDQuoV3PL6","Test_Corp_7","999","940","746189977008259","746189978008259","4","1","1"
"9s8rTSN1Z1gDQuoV3PL6","Test_Corp_7","2","883","746189977008260","746189978008260","5","1","0"
"9s8rTSN1Z1gDQuoV3PL6","Test_Corp_7","3","956","746189977008261","746189978008261","4","1","1"
"9s8rTSN1Z1gDQuoV3PL6","Test_Corp_7","1","1969","746189977008262","746189978008262","5","1","0"
"9s8rTSN1Z1gDQuoV3PL6","Test_Corp_7","4","856","746189977008263","746189978008263","4","1","1"
"9s8rTSN1Z1gDQuoV3PL6","Test_Corp_7","2","1658","746189977008264","746189978008264","5","1","1"
"9s8rTSN1Z1gDQuoV3PL6","Test_Corp_7","3","688","746189977008265","746189978008265","4","1","0"
"9s8rTSN1Z1gDQuoV3PL6","Test_Corp_7","4","1334","746189977008266","746189978008266","5","1","1"
"9s8rTSN1Z1gDQuoV3PL6","Test_Corp_7","999","446","746189977008267","746189978008267","4","1","0"
"9s8rTSN1Z1gDQuoV3PL6","Test_Corp_7","3","1225","746189977008268","746189978008268","5","1","1"
"9s8rTSN1Z1gDQuoV3PL6","Test_Corp_7","3","199","746189977008269","746189978008269","4","1","0"
"9s8rTSN1Z1gDQuoV3PL6","Test_Corp_7","999","283","746189977008270","746189978008270","5","1","1"
"9s8rTSN1Z1gDQuoV3PL6","Test_Corp_7","1","991","746189977008271","746189978008271","4","1","1"
"9s8rTSN1Z1gDQuoV3PL6","Test_Corp_7","2","642","746189977008272","746189978008272","5","1","0"
"9s8rTSN1Z1gDQuoV3PL6","Test_Corp_7","3","6","746189977008273","746189978008273","4","1","1"
"9s8rTSN1Z1gDQuoV3PL6","Test_Corp_7","999","98","746189977008274","746189978008274","5","1","0"
"9s8rTSN1Z1gDQuoV3PL6","Test_Corp_7","999","1429","746189977008275","746189978008275","4","1","1"
"9s8rTSN1Z1gDQuoV3PL6","Test_Corp_7","1","414","746189977008276","746189978008276","5","1","0"
"9s8rTSN1Z1gDQuoV3PL6","Test_Corp_7","4","32","746189977008277","746189978008277","4","1","1"
"9s8rTSN1Z1gDQuoV3PL6","Test_Corp_7","2","1212","746189977008278","746189978008278","5","1","1"
"9s8rTSN1Z1gDQuoV3PL6","Test_Corp_7","4","89","746189977008279","746189978008279","4","1","0"
"9s8rTSN1Z1gDQuoV3PL6","Test_Corp_7","2","1173","746189977008280","746189978008280","5","1","1"
"9s8rTSN1Z1gDQuoV3PL6","Test_Corp_7","2","435","746189977008281","746189978008281","4","1","0"
"9s8rTSN1Z1gDQuoV3PL6","Test_Corp_7","1","694","746189977008282","746189978008282","5","1","1"
"9s8rTSN1Z1gDQuoV3PL6","Test_Corp_7","4","1997","746189977008283","746189978008283","4","1","0"
"9s8rTSN1Z1gDQuoV3PL6","Test_Corp_7","999","611","746189977008284","746189978008284","5","1","1"
"9s8rTSN1Z1gDQuoV3PL6","Test_Corp_7","1","514","746189977008285","746189978008285","4","1","1"
"9s8rTSN1Z1gDQuoV3PL6","Test_Corp_7","4","1137","746189977008286","746189978008286","5","1","0"
"9s8rTSN1Z1gDQuoV3PL6","Test_Corp_7","999","223","746189977008287","746189978008287","4","1","1"
"9s8rTSN1Z1gDQuoV3PL6","Test_Corp_7","2","1305","746189977008288","746189978008288","5","1","0"
"9s8rTSN1Z1gDQuoV3PL6","Test_Corp_7","999","1120","746189977008289","746189978008289","4","1","1"
"9s8rTSN1Z1gDQuoV3PL6","Test_Corp_7","2","1324","746189977008290","746189978008290","5","1","0"
"9s8rTSN1Z1gDQuoV3PL6","Test_Corp_7","999","1520","746189977008291","746189978008291","4","1","1"
"9s8rTSN1Z1gDQuoV3PL6","Test_Corp_7","4","665","746189977008292","746189978008292","5","1","1"
"9s8rTSN1Z1gDQuoV3PL6","Test_Corp_7","4","1445","746189977008293","746189978008293","4","1","0"
"9s8rTSN1Z1gDQuoV3PL6","Test_Corp_7","4","2","746189977008294","746189978008294","5","1","1"
"9s8rTSN1Z1gDQuoV3PL6","Test_Corp_7","1","1427","746189977008295","746189978008295","4","1","0"
"9s8rTSN1Z1gDQuoV3PL6","Test_Corp_7","1","1692","746189977008296","746189978008296","5","1","1"
"9s8rTSN1Z1gDQuoV3PL6","Test_Corp_7","2","1570","746189977008297","746189978008297","4","1","0"
"9s8rTSN1Z1gDQuoV3PL6","Test_Corp_7","2","1504","746189977008298","746189978008298","5","1","1"
"9s8rTSN1Z1gDQuoV3PL6","Test_Corp_7","999","722","746189977008299","746189978008299","4","1","1"
"9s8rTSN1Z1gDQuoV3PL6","Test_Corp_7","1","1418","746189977008300","746189978008300","5","1","0"
"9s8rTSN1Z1gDQuoV3PL6","Test_Corp_7","1","598","746189977008301","746189978008301","4","1","1"
"9s8rTSN1Z1gDQuoV3PL6","Test_Corp_7","999","1968","746189977008302","746189978008302","5","1","0"
"9s8rTSN1Z1gDQuoV3PL6","Test_Corp_7","2","1454","746189977008303","746189978008303","4","1","1"
"9s8rTSN1Z1gDQuoV3PL6","Test_Corp_7","3","1779","746189977008304","746189978008304","5","1","0"
"9s8rTSN1Z1gDQuoV3PL6","Test_Corp_7","2","1758","746189977008305","746189978008305","4","1","1"
"9s8rTSN1Z1gDQuoV3PL6","Test_Corp_7","3","823","746189977008306","746189978008306","5","1","1"
"9s8rTSN1Z1gDQuoV3PL6","Test_Corp_7","1","1384","746189977008307","746189978008307","4","1","0"
"9s8rTSN1Z1gDQuoV3PL6","Test_Corp_7","2","195","746189977008308","746189978008308","5","1","1"
"9s8rTSN1Z1gDQuoV3PL6","Test_Corp_7","999","1183","746189977008309","746189978008309","4","1","0"
"9s8rTSN1Z1gDQuoV3PL6","Test_Corp_7","4","441","746189977008310","746189978008310","5","1","1"
"9s8rTSN1Z1gDQuoV3PL6","Test_Corp_7","3","1857","746189977008311","746189978008311","4","1","0"
"9s8rTSN1Z1gDQuoV3PL6","Test_Corp_7","3","1868","746189977008312","746189978008312","5","1","1"
"9s8rTSN1Z1gDQuoV3PL6","Test_Corp_7","4","1169","746189977008313","746189978008313","4","1","1"
"9s8rTSN1Z1gDQuoV3PL6","Test_Corp_7","3","476","746189977008314","746189978008314","5","1","0"
"9s8rTSN1Z1gDQuoV3PL6","Test_Corp_7","999","1678","746189977008315","746189978008315","4","1","1"
"9s8rTSN1Z1gDQuoV3PL6","Test_Corp_7","999","1450","746189977008316","746189978008316","5","1","0"
"9s8rTSN1Z1gDQuoV3PL6","Test_Corp_7","2","1490","746189977008317","746189978008317","4","1","1"
"9s8rTSN1Z1gDQuoV3PL6","Test_Corp_7","1","1457","746189977008318","746189978008318","5","1","0"
"9s8rTSN1Z1gDQuoV3PL6","Test_Corp_7","3","659","746189977008319","746189978008319","4","1","1"
"9s8rTSN1Z1gDQuoV3PL6","Test_Corp_7","3","933","746189977008320","746189978008320","5","1","1"
"9s8rTSN1Z1gDQuoV3PL6","Test_Corp_7","2","885","746189977008321","746189978008321","4","1","0"
"9s8rTSN1Z1gDQuoV3PL6","Test_Corp_7","2","192","746189977008322","746189978008322","5","1","1"
"9s8rTSN1Z1gDQuoV3PL6","Test_Corp_7","4","799","746189977008323","746189978008323","4","1","0"
"9s8rTSN1Z1gDQuoV3PL6","Test_Corp_7","3","872","746189977008324","746189978008324","5","1","1"
"9s8rTSN1Z1gDQuoV3PL6","Test_Corp_7","2","1849","746189977008325","746189978008325","4","1","0"
"9s8rTSN1Z1gDQuoV3PL6","Test_Corp_7","1","1159","746189977008326","746189978008326","5","1","1"
"9s8rTSN1Z1gDQuoV3PL6","Test_Corp_7","999","1774","746189977008327","746189978008327","4","1","1"
"9s8rTSN1Z1gDQuoV3PL6","Test_Corp_7","999","1423","746189977008328","746189978008328","5","1","0"
"9s8rTSN1Z1gDQuoV3PL6","Test_Corp_7","2","891","746189977008329","746189978008329","4","1","1"
"9s8rTSN1Z1gDQuoV3PL6","Test_Corp_7","999","1618","746189977008330","746189978008330","5","1","0"
"9s8rTSN1Z1gDQuoV3PL6","Test_Corp_7","999","1025","746189977008331","746189978008331","4","1","1"
"9s8rTSN1Z1gDQuoV3PL6","Test_Corp_7","2","428","746189977008332","746189978008332","5","1","0"
"9s8rTSN1Z1gDQuoV3PL6","Test_Corp_7","1","1793","746189977008333","746189978008333","4","1","1"
"9s8rTSN1Z1gDQuoV3PL6","Test_Corp_7","3","1298","746189977008334","746189978008334","5","1","1"
"9s8rTSN1Z1gDQuoV3PL6","Test_Corp_7","1","721","746189977008335","746189978008335","4","1","0"
"9s8rTSN1Z1gDQuoV3PL6","Test_Corp_7","4","1257","746189977008336","746189978008336","5","1","1"
"9s8rTSN1Z1gDQuoV3PL6","Test_Corp_7","3","1013","746189977008337","746189978008337","4","1","0"
"9s8rTSN1Z1gDQuoV3PL6","Test_Corp_7","1","1372","746189977008338","746189978008338","5","1","1"
"9s8rTSN1Z1gDQuoV3PL6","Test_Corp_7","999","1247","746189977008339","746189978008339","4","1","0"
"9s8rTSN1Z1gDQuoV3PL6","Test_Corp_7","4","541","746189977008340","746189978008340","5","1","1"
"9s8rTSN1Z1gDQuoV3PL6","Test_Corp_7","1","974","746189977008341","746189978008341","4","1","1"
"9s8rTSN1Z1gDQuoV3PL6","Test_Corp_7","999","407","746189977008342","746189978008342","5","1","0"
"9s8rTSN1Z1gDQuoV3PL6","Test_Corp_7","3","145","746189977008343","746189978008343","4","1","1"
"9s8rTSN1Z1gDQuoV3PL6","Test_Corp_7","999","639","746189977008344","746189978008344","5","1","0"
"9s8rTSN1Z1gDQuoV3PL6","Test_Corp_7","2","365","746189977008345","746189978008345","4","1","1"
"9s8rTSN1Z1gDQuoV3PL6","Test_Corp_7","2","439","746189977008346","746189978008346","5","1","0"
"9s8rTSN1Z1gDQuoV3PL6","Test_Corp_7","1","312","746189977008347","746189978008347","4","1","1"
"9s8rTSN1Z1gDQuoV3PL6","Test_Corp_7","999","1474","746189977008348","746189978008348","5","1","1"
"9s8rTSN1Z1gDQuoV3PL6","Test_Corp_7","3","105","746189977008349","746189978008349","4","1","0"
"9s8rTSN1Z1gDQuoV3PL6","Test_Corp_7","3","298","746189977008350","746189978008350","5","1","1"
"9s8rTSN1Z1gDQuoV3PL6","Test_Corp_7","3","1548","746189977008351","746189978008351","4","1","0"
"9s8rTSN1Z1gDQuoV3PL6","Test_Corp_7","1","1617","746189977008352","746189978008352","5","1","1"
"9s8rTSN1Z1gDQuoV3PL6","Test_Corp_7","1","542","746189977008353","746189978008353","4","1","0"
"9s8rTSN1Z1gDQuoV3PL6","Test_Corp_7","1","1274","746189977008354","746189978008354","5","1","1"
"9s8rTSN1Z1gDQuoV3PL6","Test_Corp_7","3","1969","746189977008355","746189978008355","4","1","1"
"9s8rTSN1Z1gDQuoV3PL6","Test_Corp_7","999","1915","746189977008356","746189978008356","5","1","0"
"9s8rTSN1Z1gDQuoV3PL6","Test_Corp_7","1","272","746189977008357","746189978008357","4","1","1"
"9s8rTSN1Z1gDQuoV3PL6","Test_Corp_7","3","1529","746189977008358","746189978008358","5","1","0"
"9s8rTSN1Z1gDQuoV3PL6","Test_Corp_7","4","1114","746189977008359","746189978008359","4","1","1"
"9s8rTSN1Z1gDQuoV3PL6","Test_Corp_7","4","1353","746189977008360","746189978008360","5","1","0"
"9s8rTSN1Z1gDQuoV3PL6","Test_Corp_7","4","1149","746189977008361","746189978008361","4","1","1"
"9s8rTSN1Z1gDQuoV3PL6","Test_Corp_7","1","1681","746189977008362","746189978008362","5","1","1"
"9s8rTSN1Z1gDQuoV3PL6","Test_Corp_7","999","1940","746189977008363","746189978008363","4","1","0"
"9s8rTSN1Z1gDQuoV3PL6","Test_Corp_7","1","1159","746189977008364","746189978008364","5","1","1"
"9s8rTSN1Z1gDQuoV3PL6","Test_Corp_7","999","1353","746189977008365","746189978008365","4","1","0"
"9s8rTSN1Z1gDQuoV3PL6","Test_Corp_7","2","1243","746189977008366","746189978008366","5","1","1"
"9s8rTSN1Z1gDQuoV3PL6","Test_Corp_7","999","88","746189977008367","746189978008367","4","1","0"
"9s8rTSN1Z1gDQuoV3PL6","Test_Corp_7","2","898","746189977008368","746189978008368","5","1","1"
"9s8rTSN1Z1gDQuoV3PL6","Test_Corp_7","3","487","746189977008369","746189978008369","4","1","1"
"9s8rTSN1Z1gDQuoV3PL6","Test_Corp_7","1","1381","746189977008370","746189978008370","5","1","0"
"9s8rTSN1Z1gDQuoV3PL6","Test_Corp_7","999","841","746189977008371","746189978008371","4","1","1"
"9s8rTSN1Z1gDQuoV3PL6","Test_Corp_7","999","1839","746189977008372","746189978008372","5","1","0"
"9s8rTSN1Z1gDQuoV3PL6","Test_Corp_7","999","223","746189977008373","746189978008373","4","1","1"
"9s8rTSN1Z1gDQuoV3PL6","Test_Corp_7","999","1415","746189977008374","746189978008374","5","1","0"
"9s8rTSN1Z1gDQuoV3PL6","Test_Corp_7","4","775","746189977008375","746189978008375","4","1","1"
"9s8rTSN1Z1gDQuoV3PL6","Test_Corp_7","2","1385","746189977008376","746189978008376","5","1","1"
"9s8rTSN1Z1gDQuoV3PL6","Test_Corp_7","1","1121","746189977008377","746189978008377","4","1","0"
"9s8rTSN1Z1gDQuoV3PL6","Test_Corp_7","1","1576","746189977008378","746189978008378","5","1","1"
"9s8rTSN1Z1gDQuoV3PL6","Test_Corp_7","1","945","746189977008379","746189978008379","4","1","0"
"9s8rTSN1Z1gDQuoV3PL6","Test_Corp_7","3","51","746189977008380","746189978008380","5","1","1"
"9s8rTSN1Z1gDQuoV3PL6","Test_Corp_7","999","1188","746189977008381","746189978008381","4","1","0"
"9s8rTSN1Z1gDQuoV3PL6","Test_Corp_7","999","627","746189977008382","746189978008382","5","1","1"
"9s8rTSN1Z1gDQuoV3PL6","Test_Corp_7","4","1266","746189977008383","746189978008383","4","1","1"
"9s8rTSN1Z1gDQuoV3PL6","Test_Corp_7","1","1802","746189977008384","746189978008384","5","1","0"
"9s8rTSN1Z1gDQuoV3PL6","Test_Corp_7","2","794","746189977008385","746189978008385","4","1","1"
"9s8rTSN1Z1gDQuoV3PL6","Test_Corp_7","3","926","746189977008386","746189978008386","5","1","0"
"9s8rTSN1Z1gDQuoV3PL6","Test_Corp_7","999","118","746189977008387","746189978008387","4","1","1"
"9s8rTSN1Z1gDQuoV3PL6","Test_Corp_7","4","1355","746189977008388","746189978008388","5","1","0"
"9s8rTSN1Z1gDQuoV3PL6","Test_Corp_7","2","1609","746189977008389","746189978008389","4","1","1"
"9s8rTSN1Z1gDQuoV3PL6","Test_Corp_7","999","1273","746189977008390","746189978008390","5","1","1"
"9s8rTSN1Z1gDQuoV3PL6","Test_Corp_7","2","421","746189977008391","746189978008391","4","1","0"
"9s8rTSN1Z1gDQuoV3PL6","Test_Corp_7","999","1637","746189977008392","746189978008392","5","1","1"
"9s8rTSN1Z1gDQuoV3PL6","Test_Corp_7","999","1886","746189977008393","746189978008393","4","1","0"
"9s8rTSN1Z1gDQuoV3PL6","Test_Corp_7","3","1828","746189977008394","746189978008394","5","1","1"
"9s8rTSN1Z1gDQuoV3PL6","Test_Corp_7","3","623","746189977008395","746189978008395","4","1","0"
"9s8rTSN1Z1gDQuoV3PL6","Test_Corp_7","2","1060","746189977008396","746189978008396","5","1","1"
"9s8rTSN1Z1gDQuoV3PL6","Test_Corp_7","999","1665","746189977008397","746189978008397","4","1","1"
"9s8rTSN1Z1gDQuoV3PL6","Test_Corp_7","2","1962","746189977008398","746189978008398","5","1","0"
"9s8rTSN1Z1gDQuoV3PL6","Test_Corp_7","3","133","746189977008399","746189978008399","4","1","1"
"9s8rTSN1Z1gDQuoV3PL6","Test_Corp_7","4","1378","746189977008400","746189978008400","5","1","0"
"9s8rTSN1Z1gDQuoV3PL6","Test_Corp_7","4","1802","746189977008401","746189978008401","4","1","1"
"9s8rTSN1Z1gDQuoV3PL6","Test_Corp_7","999","1527","746189977008402","746189978008402","5","1","0"
"9s8rTSN1Z1gDQuoV3PL6","Test_Corp_7","3","1828","746189977008403","746189978008403","4","1","1"
"9s8rTSN1Z1gDQuoV3PL6","Test_Corp_7","4","212","746189977008404","746189978008404","5","1","1"
"9s8rTSN1Z1gDQuoV3PL6","Test_Corp_7","4","809","746189977008405","746189978008405","4","1","0"
"9s8rTSN1Z1gDQuoV3PL6","Test_Corp_7","4","397","746189977008406","746189978008406","5","1","1"
"9s8rTSN1Z1gDQuoV3PL6","Test_Corp_7","2","1797","746189977008407","746189978008407","4","1","0"
"9s8rTSN1Z1gDQuoV3PL6","Test_Corp_7","4","697","746189977008408","746189978008408","5","1","1"
"9s8rTSN1Z1gDQuoV3PL6","Test_Corp_7","4","109","746189977008409","746189978008409","4","1","0"
"9s8rTSN1Z1gDQuoV3PL6","Test_Corp_7","4","258","746189977008410","746189978008410","5","1","1"
"9s8rTSN1Z1gDQuoV3PL6","Test_Corp_7","4","1196","746189977008411","746189978008411","4","1","1"
"9s8rTSN1Z1gDQuoV3PL6","Test_Corp_7","4","830","746189977008412","746189978008412","5","1","0"
"9s8rTSN1Z1gDQuoV3PL6","Test_Corp_7","4","1786","746189977008413","746189978008413","4","1","1"
"9s8rTSN1Z1gDQuoV3PL6","Test_Corp_7","4","1333","746189977008414","746189978008414","5","1","0"
"9s8rTSN1Z1gDQuoV3PL6","Test_Corp_7","1","1989","746189977008415","746189978008415","4","1","1"
"9s8rTSN1Z1gDQuoV3PL6","Test_Corp_7","999","553","746189977008416","746189978008416","5","1","0"
"9s8rTSN1Z1gDQuoV3PL6","Test_Corp_7","3","665","746189977008417","746189978008417","4","1","1"
"9s8rTSN1Z1gDQuoV3PL6","Test_Corp_7","2","444","746189977008418","746189978008418","5","1","1"
"9s8rTSN1Z1gDQuoV3PL6","Test_Corp_7","4","1964","746189977008419","746189978008419","4","1","0"
"9s8rTSN1Z1gDQuoV3PL6","Test_Corp_7","999","119","746189977008420","746189978008420","5","1","1"
"9s8rTSN1Z1gDQuoV3PL6","Test_Corp_7","1","897","746189977008421","746189978008421","4","1","0"
"9s8rTSN1Z1gDQuoV3PL6","Test_Corp_7","2","1440","746189977008422","746189978008422","5","1","1"
"9s8rTSN1Z1gDQuoV3PL6","Test_Corp_7","4","1386","746189977008423","746189978008423","4","1","0"
"9s8rTSN1Z1gDQuoV3PL6","Test_Corp_7","3","1340","746189977008424","746189978008424","5","1","1"
"9s8rTSN1Z1gDQuoV3PL6","Test_Corp_7","999","1131","746189977008425","746189978008425","4","1","1"
"9s8rTSN1Z1gDQuoV3PL6","Test_Corp_7","1","1382","746189977008426","746189978008426","5","1","0"
"9s8rTSN1Z1gDQuoV3PL6","Test_Corp_7","4","1871","746189977008427","746189978008427","4","1","1"
"9s8rTSN1Z1gDQuoV3PL6","Test_Corp_7","4","986","746189977008428","746189978008428","5","1","0"
"9s8rTSN1Z1gDQuoV3PL6","Test_Corp_7","4","1404","746189977008429","746189978008429","4","1","1"
"9s8rTSN1Z1gDQuoV3PL6","Test_Corp_7","3","543","746189977008430","746189978008430","5","1","0"
"9s8rTSN1Z1gDQuoV3PL6","Test_Corp_7","4","497","746189977008431","746189978008431","4","1","1"
"9s8rTSN1Z1gDQuoV3PL6","Test_Corp_7","3","1070","746189977008432","746189978008432","5","1","1"
"9s8rTSN1Z1gDQuoV3PL6","Test_Corp_7","2","510","746189977008433","746189978008433","4","1","0"
"9s8rTSN1Z1gDQuoV3PL6","Test_Corp_7","1","644","746189977008434","746189978008434","5","1","1"
"9s8rTSN1Z1gDQuoV3PL6","Test_Corp_7","3","403","746189977008435","746189978008435","4","1","0"
"9s8rTSN1Z1gDQuoV3PL6","Test_Corp_7","2","1313","746189977008436","746189978008436","5","1","1"
"9s8rTSN1Z1gDQuoV3PL6","Test_Corp_7","1","1772","746189977008437","746189978008437","4","1","0"
"9s8rTSN1Z1gDQuoV3PL6","Test_Corp_7","4","300","746189977008438","746189978008438","5","1","1"
"9s8rTSN1Z1gDQuoV3PL6","Test_Corp_7","3","308","746189977008439","746189978008439","4","1","1"
"9s8rTSN1Z1gDQuoV3PL6","Test_Corp_7","999","1186","746189977008440","746189978008440","5","1","0"
"9s8rTSN1Z1gDQuoV3PL6","Test_Corp_7","2","633","746189977008441","746189978008441","4","1","1"
"9s8rTSN1Z1gDQuoV3PL6","Test_Corp_7","1","1840","746189977008442","746189978008442","5","1","0"
"9s8rTSN1Z1gDQuoV3PL6","Test_Corp_7","999","362","746189977008443","746189978008443","4","1","1"
"9s8rTSN1Z1gDQuoV3PL6","Test_Corp_7","2","700","746189977008444","746189978008444","5","1","0"
"9s8rTSN1Z1gDQuoV3PL6","Test_Corp_7","1","1470","746189977008445","746189978008445","4","1","1"
"9s8rTSN1Z1gDQuoV3PL6","Test_Corp_7","999","1383","746189977008446","746189978008446","5","1","1"
"9s8rTSN1Z1gDQuoV3PL6","Test_Corp_7","4","1708","746189977008447","746189978008447","4","1","0"
"9s8rTSN1Z1gDQuoV3PL6","Test_Corp_7","3","1111","746189977008448","746189978008448","5","1","1"
"9s8rTSN1Z1gDQuoV3PL6","Test_Corp_7","1","755","746189977008449","746189978008449","4","1","0"
"9s8rTSN1Z1gDQuoV3PL6","Test_Corp_7","4","41","746189977008450","746189978008450","5","1","1"
"9s8rTSN1Z1gDQuoV3PL6","Test_Corp_7","2","1649","746189977008451","746189978008451","4","1","0"
"9s8rTSN1Z1gDQuoV3PL6","Test_Corp_7","3","1917","746189977008452","746189978008452","5","1","1"
"9s8rTSN1Z1gDQuoV3PL6","Test_Corp_7","999","287","746189977008453","746189978008453","4","1","1"
"9s8rTSN1Z1gDQuoV3PL6","Test_Corp_7","3","141","746189977008454","746189978008454","5","1","0"
"9s8rTSN1Z1gDQuoV3PL6","Test_Corp_7","999","1540","746189977008455","746189978008455","4","1","1"
"9s8rTSN1Z1gDQuoV3PL6","Test_Corp_7","4","900","746189977008456","746189978008456","5","1","0"
"9s8rTSN1Z1gDQuoV3PL6","Test_Corp_7","999","1038","746189977008457","746189978008457","4","1","1"
"9s8rTSN1Z1gDQuoV3PL6","Test_Corp_7","3","1827","746189977008458","746189978008458","5","1","0"
"9s8rTSN1Z1gDQuoV3PL6","Test_Corp_7","4","973","746189977008459","746189978008459","4","1","1"
"9s8rTSN1Z1gDQuoV3PL6","Test_Corp_7","4","1160","746189977008460","746189978008460","5","1","1"
"9s8rTSN1Z1gDQuoV3PL6","Test_Corp_7","1","1650","746189977008461","746189978008461","4","1","0"
"9s8rTSN1Z1gDQuoV3PL6","Test_Corp_7","2","941","746189977008462","746189978008462","5","1","1"
"9s8rTSN1Z1gDQuoV3PL6","Test_Corp_7","3","102","746189977008463","746189978008463","4","1","0"
"9s8rTSN1Z1gDQuoV3PL6","Test_Corp_7","4","1640","746189977008464","746189978008464","5","1","1"
"9s8rTSN1Z1gDQuoV3PL6","Test_Corp_7","999","922","746189977008465","746189978008465","4","1","0"
"9s8rTSN1Z1gDQuoV3PL6","Test_Corp_7","2","1066","746189977008466","746189978008466","5","1","1"
"9s8rTSN1Z1gDQuoV3PL6","Test_Corp_7","1","1386","746189977008467","746189978008467","4","1","1"
"9s8rTSN1Z1gDQuoV3PL6","Test_Corp_7","999","1655","746189977008468","746189978008468","5","1","0"
"9s8rTSN1Z1gDQuoV3PL6","Test_Corp_7","999","893","746189977008469","746189978008469","4","1","1"
"9s8rTSN1Z1gDQuoV3PL6","Test_Corp_7","3","125","746189977008470","746189978008470","5","1","0"
"9s8rTSN1Z1gDQuoV3PL6","Test_Corp_7","1","1253","746189977008471","746189978008471","4","1","1"
"9s8rTSN1Z1gDQuoV3PL6","Test_Corp_7","3","915","746189977008472","746189978008472","5","1","0"
"9s8rTSN1Z1gDQuoV3PL6","Test_Corp_7","999","1667","746189977008473","746189978008473","4","1","1"
"9s8rTSN1Z1gDQuoV3PL6","Test_Corp_7","999","593","746189977008474","746189978008474","5","1","1"
"9s8rTSN1Z1gDQuoV3PL6","Test_Corp_7","999","1670","746189977008475","746189978008475","4","1","0"
"9s8rTSN1Z1gDQuoV3PL6","Test_Corp_7","999","1811","746189977008476","746189978008476","5","1","1"
"9s8rTSN1Z1gDQuoV3PL6","Test_Corp_7","1","398","746189977008477","746189978008477","4","1","0"
"9s8rTSN1Z1gDQuoV3PL6","Test_Corp_7","999","1138","746189977008478","746189978008478","5","1","1"
"9s8rTSN1Z1gDQuoV3PL6","Test_Corp_7","4","1862","746189977008479","746189978008479","4","1","0"
"9s8rTSN1Z1gDQuoV3PL6","Test_Corp_7","1","1326","746189977008480","746189978008480","5","1","1"
"9s8rTSN1Z1gDQuoV3PL6","Test_Corp_7","3","1008","746189977008481","746189978008481","4","1","1"
"9s8rTSN1Z1gDQuoV3PL6","Test_Corp_7","1","1837","746189977008482","746189978008482","5","1","0"
"9s8rTSN1Z1gDQuoV3PL6","Test_Corp_7","4","454","746189977008483","746189978008483","4","1","1"
"9s8rTSN1Z1gDQuoV3PL6","Test_Corp_7","2","579","746189977008484","746189978008484","5","1","0"
"9s8rTSN1Z1gDQuoV3PL6","Test_Corp_7","999","354","746189977008485","746189978008485","4","1","1"
"9s8rTSN1Z1gDQuoV3PL6","Test_Corp_7","999","1320","746189977008486","746189978008486","5","1","0"
"9s8rTSN1Z1gDQuoV3PL6","Test_Corp_7","3","1815","746189977008487","746189978008487","4","1","1"
"9s8rTSN1Z1gDQuoV3PL6","Test_Corp_7","4","1441","746189977008488","746189978008488","5","1","1"
"9s8rTSN1Z1gDQuoV3PL6","Test_Corp_7","3","900","746189977008489","746189978008489","4","1","0"
"9s8rTSN1Z1gDQuoV3PL6","Test_Corp_7","1","1008","746189977008490","746189978008490","5","1","1"
"9s8rTSN1Z1gDQuoV3PL6","Test_Corp_7","4","1082","746189977008491","746189978008491","4","1","0"
"9s8rTSN1Z1gDQuoV3PL6","Test_Corp_7","999","55","746189977008492","746189978008492","5","1","1"
"9s8rTSN1Z1gDQuoV3PL6","Test_Corp_7","999","865","746189977008493","746189978008493","4","1","0"
"9s8rTSN1Z1gDQuoV3PL6","Test_Corp_7","1","1615","746189977008494","746189978008494","5","1","1"
"9s8rTSN1Z1gDQuoV3PL6","Test_Corp_7","3","1946","746189977008495","746189978008495","4","1","1"
"9s8rTSN1Z1gDQuoV3PL6","Test_Corp_7","1","937","746189977008496","746189978008496","5","1","0"
"9s8rTSN1Z1gDQuoV3PL6","Test_Corp_7","2","215","746189977008497","746189978008497","4","1","1"
"9s8rTSN1Z1gDQuoV3PL6","Test_Corp_7","999","1883","746189977008498","746189978008498","5","1","0"
"9s8rTSN1Z1gDQuoV3PL6","Test_Corp_7","2","1039","746189977008499","746189978008499","4","1","1"
"9s8rTSN1Z1gDQuoV3PL6","Test_Corp_7","3","1137","746189977008500","746189978008500","5","1","0"
"9s8rTSN1Z1gDQuoV3PL6","Test_Corp_7","2","1737","746189977008501","746189978008501","4","1","1"
"9s8rTSN1Z1gDQuoV3PL6","Test_Corp_7","3","97","746189977008502","746189978008502","5","1","1"
"9s8rTSN1Z1gDQuoV3PL6","Test_Corp_7","1","1845","746189977008503","746189978008503","4","1","0"
"9s8rTSN1Z1gDQuoV3PL6","Test_Corp_7","3","654","746189977008504","746189978008504","5","1","1"
"9s8rTSN1Z1gDQuoV3PL6","Test_Corp_7","4","394","746189977008505","746189978008505","4","1","0"
"9s8rTSN1Z1gDQuoV3PL6","Test_Corp_7","2","1612","746189977008506","746189978008506","5","1","1"
"9s8rTSN1Z1gDQuoV3PL6","Test_Corp_7","2","1964","746189977008507","746189978008507","4","1","0"
"9s8rTSN1Z1gDQuoV3PL6","Test_Corp_7","999","725","746189977008508","746189978008508","5","1","1"
"9s8rTSN1Z1gDQuoV3PL6","Test_Corp_7","1","1030","746189977008509","746189978008509","4","1","1"
"9s8rTSN1Z1gDQuoV3PL6","Test_Corp_7","1","25","746189977008510","746189978008510","5","1","0"
"9s8rTSN1Z1gDQuoV3PL6","Test_Corp_7","2","1190","746189977008511","746189978008511","4","1","1"
"9s8rTSN1Z1gDQuoV3PL6","Test_Corp_7","3","1536","746189977008512","746189978008512","5","1","0"
"9s8rTSN1Z1gDQuoV3PL6","Test_Corp_7","3","1463","746189977008513","746189978008513","4","1","1"
"9s8rTSN1Z1gDQuoV3PL6","Test_Corp_7","999","300","746189977008514","746189978008514","5","1","0"
"9s8rTSN1Z1gDQuoV3PL6","Test_Corp_7","1","1185","746189977008515","746189978008515","4","1","1"
"9s8rTSN1Z1gDQuoV3PL6","Test_Corp_7","2","1193","746189977008516","746189978008516","5","1","1"
"9s8rTSN1Z1gDQuoV3PL6","Test_Corp_7","999","1800","746189977008517","746189978008517","4","1","0"
"9s8rTSN1Z1gDQuoV3PL6","Test_Corp_7","3","1386","746189977008518","746189978008518","5","1","1"
"9s8rTSN1Z1gDQuoV3PL6","Test_Corp_7","999","828","746189977008519","746189978008519","4","1","0"
"9s8rTSN1Z1gDQuoV3PL6","Test_Corp_7","4","1025","746189977008520","746189978008520","5","1","1"
"9s8rTSN1Z1gDQuoV3PL6","Test_Corp_7","1","1705","746189977008521","746189978008521","4","1","0"
"9s8rTSN1Z1gDQuoV3PL6","Test_Corp_7","4","1233","746189977008522","746189978008522","5","1","1"
"9s8rTSN1Z1gDQuoV3PL6","Test_Corp_7","3","1098","746189977008523","746189978008523","4","1","1"
"9s8rTSN1Z1gDQuoV3PL6","Test_Corp_7","2","1446","746189977008524","746189978008524","5","1","0"
"9s8rTSN1Z1gDQuoV3PL6","Test_Corp_7","1","614","746189977008525","746189978008525","4","1","1"
"9s8rTSN1Z1gDQuoV3PL6","Test_Corp_7","2","1827","746189977008526","746189978008526","5","1","0"
"9s8rTSN1Z1gDQuoV3PL6","Test_Corp_7","2","1462","746189977008527","746189978008527","4","1","1"
"9s8rTSN1Z1gDQuoV3PL6","Test_Corp_7","999","1731","746189977008528","746189978008528","5","1","0"
"9s8rTSN1Z1gDQuoV3PL6","Test_Corp_7","2","521","746189977008529","746189978008529","4","1","1"
"9s8rTSN1Z1gDQuoV3PL6","Test_Corp_7","3","1586","746189977008530","746189978008530","5","1","1"
"9s8rTSN1Z1gDQuoV3PL6","Test_Corp_7","4","1348","746189977008531","746189978008531","4","1","0"
"9s8rTSN1Z1gDQuoV3PL6","Test_Corp_7","999","1700","746189977008532","746189978008532","5","1","1"
"9s8rTSN1Z1gDQuoV3PL6","Test_Corp_7","2","1301","746189977008533","746189978008533","4","1","0"
"9s8rTSN1Z1gDQuoV3PL6","Test_Corp_7","1","717","746189977008534","746189978008534","5","1","1"
"9s8rTSN1Z1gDQuoV3PL6","Test_Corp_7","3","1317","746189977008535","746189978008535","4","1","0"
"9s8rTSN1Z1gDQuoV3PL6","Test_Corp_7","1","780","746189977008536","746189978008536","5","1","1"
"9s8rTSN1Z1gDQuoV3PL6","Test_Corp_7","2","873","746189977008537","746189978008537","4","1","1"
"9s8rTSN1Z1gDQuoV3PL6","Test_Corp_7","1","124","746189977008538","746189978008538","5","1","0"
"9s8rTSN1Z1gDQuoV3PL6","Test_Corp_7","2","1413","746189977008539","746189978008539","4","1","1"
"9s8rTSN1Z1gDQuoV3PL6","Test_Corp_7","4","337","746189977008540","746189978008540","5","1","0"
"9s8rTSN1Z1gDQuoV3PL6","Test_Corp_7","3","353","746189977008541","746189978008541","4","1","1"
"9s8rTSN1Z1gDQuoV3PL6","Test_Corp_7","3","1370","746189977008542","746189978008542","5","1","0"
"9s8rTSN1Z1gDQuoV3PL6","Test_Corp_7","3","210","746189977008543","746189978008543","4","1","1"
"9s8rTSN1Z1gDQuoV3PL6","Test_Corp_7","2","1769","746189977008544","746189978008544","5","1","1"
"9s8rTSN1Z1gDQuoV3PL6","Test_Corp_7","999","351","746189977008545","746189978008545","4","1","0"
"9s8rTSN1Z1gDQuoV3PL6","Test_Corp_7","1","418","746189977008546","746189978008546","5","1","1"
"9s8rTSN1Z1gDQuoV3PL6","Test_Corp_7","3","604","746189977008547","746189978008547","4","1","0"
"9s8rTSN1Z1gDQuoV3PL6","Test_Corp_7","1","1427","746189977008548","746189978008548","5","1","1"
"9s8rTSN1Z1gDQuoV3PL6","Test_Corp_7","3","1556","746189977008549","746189978008549","4","1","0"
"9s8rTSN1Z1gDQuoV3PL6","Test_Corp_7","999","1975","746189977008550","746189978008550","5","1","1"
"9s8rTSN1Z1gDQuoV3PL6","Test_Corp_7","1","992","746189977008551","746189978008551","4","1","1"
"9s8rTSN1Z1gDQuoV3PL6","Test_Corp_7","999","312","746189977008552","746189978008552","5","1","0"
"9s8rTSN1Z1gDQuoV3PL6","Test_Corp_7","999","604","746189977008553","746189978008553","4","1","1"
"9s8rTSN1Z1gDQuoV3PL6","Test_Corp_7","999","967","746189977008554","746189978008554","5","1","0"
"9s8rTSN1Z1gDQuoV3PL6","Test_Corp_7","1","850","746189977008555","746189978008555","4","1","1"
"9s8rTSN1Z1gDQuoV3PL6","Test_Corp_7","2","865","746189977008556","746189978008556","5","1","0"
"9s8rTSN1Z1gDQuoV3PL6","Test_Corp_7","1","278","746189977008557","746189978008557","4","1","1"
"9s8rTSN1Z1gDQuoV3PL6","Test_Corp_7","4","551","746189977008558","746189978008558","5","1","1"
"9s8rTSN1Z1gDQuoV3PL6","Test_Corp_7","3","136","746189977008559","746189978008559","4","1","0"
"9s8rTSN1Z1gDQuoV3PL6","Test_Corp_7","4","1552","746189977008560","746189978008560","5","1","1"
"9s8rTSN1Z1gDQuoV3PL6","Test_Corp_7","4","1107","746189977008561","746189978008561","4","1","0"
"9s8rTSN1Z1gDQuoV3PL6","Test_Corp_7","2","150","746189977008562","746189978008562","5","1","1"
"9s8rTSN1Z1gDQuoV3PL6","Test_Corp_7","1","1098","746189977008563","746189978008563","4","1","0"
"9s8rTSN1Z1gDQuoV3PL6","Test_Corp_7","999","536","746189977008564","746189978008564","5","1","1"
"9s8rTSN1Z1gDQuoV3PL6","Test_Corp_7","2","618","746189977008565","746189978008565","4","1","1"
"9s8rTSN1Z1gDQuoV3PL6","Test_Corp_7","3","1941","746189977008566","746189978008566","5","1","0"
"9s8rTSN1Z1gDQuoV3PL6","Test_Corp_7","2","9","746189977008567","746189978008567","4","1","1"
"9s8rTSN1Z1gDQuoV3PL6","Test_Corp_7","1","408","746189977008568","746189978008568","5","1","0"
"9s8rTSN1Z1gDQuoV3PL6","Test_Corp_7","999","1263","746189977008569","746189978008569","4","1","1"
"9s8rTSN1Z1gDQuoV3PL6","Test_Corp_7","3","1990","746189977008570","746189978008570","5","1","0"
"9s8rTSN1Z1gDQuoV3PL6","Test_Corp_7","1","925","746189977008571","746189978008571","4","1","1"
"9s8rTSN1Z1gDQuoV3PL6","Test_Corp_7","999","1856","746189977008572","746189978008572","5","1","1"
"9s8rTSN1Z1gDQuoV3PL6","Test_Corp_7","3","719","746189977008573","746189978008573","4","1","0"
"9s8rTSN1Z1gDQuoV3PL6","Test_Corp_7","4","1876","746189977008574","746189978008574","5","1","1"
"9s8rTSN1Z1gDQuoV3PL6","Test_Corp_7","1","1663","746189977008575","746189978008575","4","1","0"
"9s8rTSN1Z1gDQuoV3PL6","Test_Corp_7","4","1866","746189977008576","746189978008576","5","1","1"
"9s8rTSN1Z1gDQuoV3PL6","Test_Corp_7","4","186","746189977008577","746189978008577","4","1","0"
"9s8rTSN1Z1gDQuoV3PL6","Test_Corp_7","4","661","746189977008578","746189978008578","5","1","1"
"9s8rTSN1Z1gDQuoV3PL6","Test_Corp_7","4","721","746189977008579","746189978008579","4","1","1"
"9s8rTSN1Z1gDQuoV3PL6","Test_Corp_7","3","1920","746189977008580","746189978008580","5","1","0"
"9s8rTSN1Z1gDQuoV3PL6","Test_Corp_7","999","958","746189977008581","746189978008581","4","1","1"
"9s8rTSN1Z1gDQuoV3PL6","Test_Corp_7","4","824","746189977008582","746189978008582","5","1","0"
"9s8rTSN1Z1gDQuoV3PL6","Test_Corp_7","3","1829","746189977008583","746189978008583","4","1","1"
"9s8rTSN1Z1gDQuoV3PL6","Test_Corp_7","4","18","746189977008584","746189978008584","5","1","0"
"9s8rTSN1Z1gDQuoV3PL6","Test_Corp_7","3","1634","746189977008585","746189978008585","4","1","1"
"9s8rTSN1Z1gDQuoV3PL6","Test_Corp_7","999","251","746189977008586","746189978008586","5","1","1"
"9s8rTSN1Z1gDQuoV3PL6","Test_Corp_7","2","167","746189977008587","746189978008587","4","1","0"
"9s8rTSN1Z1gDQuoV3PL6","Test_Corp_7","999","943","746189977008588","746189978008588","5","1","1"
"9s8rTSN1Z1gDQuoV3PL6","Test_Corp_7","1","1848","746189977008589","746189978008589","4","1","0"
"9s8rTSN1Z1gDQuoV3PL6","Test_Corp_7","999","458","746189977008590","746189978008590","5","1","1"
"9s8rTSN1Z1gDQuoV3PL6","Test_Corp_7","4","1602","746189977008591","746189978008591","4","1","0"
"9s8rTSN1Z1gDQuoV3PL6","Test_Corp_7","4","1828","746189977008592","746189978008592","5","1","1"
"9s8rTSN1Z1gDQuoV3PL6","Test_Corp_7","1","569","746189977008593","746189978008593","4","1","1"
"9s8rTSN1Z1gDQuoV3PL6","Test_Corp_7","4","356","746189977008594","746189978008594","5","1","0"
"9s8rTSN1Z1gDQuoV3PL6","Test_Corp_7","999","1726","746189977008595","746189978008595","4","1","1"
"9s8rTSN1Z1gDQuoV3PL6","Test_Corp_7","4","1300","746189977008596","746189978008596","5","1","0"
"9s8rTSN1Z1gDQuoV3PL6","Test_Corp_7","3","455","746189977008597","746189978008597","4","1","1"
"9s8rTSN1Z1gDQuoV3PL6","Test_Corp_7","2","479","746189977008598","746189978008598","5","1","0"
"9s8rTSN1Z1gDQuoV3PL6","Test_Corp_7","4","1936","746189977008599","746189978008599","4","1","1"
"9s8rTSN1Z1gDQuoV3PL6","Test_Corp_7","4","1936","746189977008600","746189978008600","5","1","1"
"9s8rTSN1Z1gDQuoV3PL6","Test_Corp_7","1","626","746189977008601","746189978008601","4","1","0"
"9s8rTSN1Z1gDQuoV3PL6","Test_Corp_7","999","211","746189977008602","746189978008602","5","1","1"
"9s8rTSN1Z1gDQuoV3PL6","Test_Corp_7","3","547","746189977008603","746189978008603","4","1","0"
"9s8rTSN1Z1gDQuoV3PL6","Test_Corp_7","999","1072","746189977008604","746189978008604","5","1","1"
"9s8rTSN1Z1gDQuoV3PL6","Test_Corp_7","999","1664","746189977008605","746189978008605","4","1","0"
"9s8rTSN1Z1gDQuoV3PL6","Test_Corp_7","4","1987","746189977008606","746189978008606","5","1","1"
"9s8rTSN1Z1gDQuoV3PL6","Test_Corp_7","3","627","746189977008607","746189978008607","4","1","1"
"9s8rTSN1Z1gDQuoV3PL6","Test_Corp_7","999","486","746189977008608","746189978008608","5","1","0"
"9s8rTSN1Z1gDQuoV3PL6","Test_Corp_7","4","1506","746189977008609","746189978008609","4","1","1"
"9s8rTSN1Z1gDQuoV3PL6","Test_Corp_7","3","568","746189977008610","746189978008610","5","1","0"
"9s8rTSN1Z1gDQuoV3PL6","Test_Corp_7","2","153","746189977008611","746189978008611","4","1","1"
"9s8rTSN1Z1gDQuoV3PL6","Test_Corp_7","3","1375","746189977008612","746189978008612","5","1","0"
"9s8rTSN1Z1gDQuoV3PL6","Test_Corp_7","3","1060","746189977008613","746189978008613","4","1","1"
"9s8rTSN1Z1gDQuoV3PL6","Test_Corp_7","1","1038","746189977008614","746189978008614","5","1","1"
"9s8rTSN1Z1gDQuoV3PL6","Test_Corp_7","3","764","746189977008615","746189978008615","4","1","0"
"9s8rTSN1Z1gDQuoV3PL6","Test_Corp_7","2","435","746189977008616","746189978008616","5","1","1"
"9s8rTSN1Z1gDQuoV3PL6","Test_Corp_7","3","457","746189977008617","746189978008617","4","1","0"
"9s8rTSN1Z1gDQuoV3PL6","Test_Corp_7","1","997","746189977008618","746189978008618","5","1","1"
"9s8rTSN1Z1gDQuoV3PL6","Test_Corp_7","2","998","746189977008619","746189978008619","4","1","0"
"9s8rTSN1Z1gDQuoV3PL6","Test_Corp_7","3","1589","746189977008620","746189978008620","5","1","1"
"9s8rTSN1Z1gDQuoV3PL6","Test_Corp_7","999","1386","746189977008621","746189978008621","4","1","1"
"9s8rTSN1Z1gDQuoV3PL6","Test_Corp_7","2","1272","746189977008622","746189978008622","5","1","0"
"9s8rTSN1Z1gDQuoV3PL6","Test_Corp_7","3","1793","746189977008623","746189978008623","4","1","1"
"9s8rTSN1Z1gDQuoV3PL6","Test_Corp_7","2","241","746189977008624","746189978008624","5","1","0"
"9s8rTSN1Z1gDQuoV3PL6","Test_Corp_7","2","966","746189977008625","746189978008625","4","1","1"
"9s8rTSN1Z1gDQuoV3PL6","Test_Corp_7","2","980","746189977008626","746189978008626","5","1","0"
"9s8rTSN1Z1gDQuoV3PL6","Test_Corp_7","3","1738","746189977008627","746189978008627","4","1","1"
"9s8rTSN1Z1gDQuoV3PL6","Test_Corp_7","1","260","746189977008628","746189978008628","5","1","1"
"9s8rTSN1Z1gDQuoV3PL6","Test_Corp_7","999","1738","746189977008629","746189978008629","4","1","0"
"9s8rTSN1Z1gDQuoV3PL6","Test_Corp_7","1","1553","746189977008630","746189978008630","5","1","1"
"9s8rTSN1Z1gDQuoV3PL6","Test_Corp_7","4","203","746189977008631","746189978008631","4","1","0"
"9s8rTSN1Z1gDQuoV3PL6","Test_Corp_7","1","468","746189977008632","746189978008632","5","1","1"
"9s8rTSN1Z1gDQuoV3PL6","Test_Corp_7","2","560","746189977008633","746189978008633","4","1","0"
"9s8rTSN1Z1gDQuoV3PL6","Test_Corp_7","2","1587","746189977008634","746189978008634","5","1","1"
"9s8rTSN1Z1gDQuoV3PL6","Test_Corp_7","2","62","746189977008635","746189978008635","4","1","1"
"9s8rTSN1Z1gDQuoV3PL6","Test_Corp_7","3","928","746189977008636","746189978008636","5","1","0"
"9s8rTSN1Z1gDQuoV3PL6","Test_Corp_7","2","1611","746189977008637","746189978008637","4","1","1"
"9s8rTSN1Z1gDQuoV3PL6","Test_Corp_7","999","23","746189977008638","746189978008638","5","1","0"
"9s8rTSN1Z1gDQuoV3PL6","Test_Corp_7","2","1361","746189977008639","746189978008639","4","1","1"
"9s8rTSN1Z1gDQuoV3PL6","Test_Corp_7","999","1856","746189977008640","746189978008640","5","1","0"
"9s8rTSN1Z1gDQuoV3PL6","Test_Corp_7","4","1357","746189977008641","746189978008641","4","1","1"
"9s8rTSN1Z1gDQuoV3PL6","Test_Corp_7","1","173","746189977008642","746189978008642","5","1","1"
"9s8rTSN1Z1gDQuoV3PL6","Test_Corp_7","4","957","746189977008643","746189978008643","4","1","0"
"9s8rTSN1Z1gDQuoV3PL6","Test_Corp_7","2","211","746189977008644","746189978008644","5","1","1"
"9s8rTSN1Z1gDQuoV3PL6","Test_Corp_7","1","970","746189977008645","746189978008645","4","1","0"
"9s8rTSN1Z1gDQuoV3PL6","Test_Corp_7","3","3","746189977008646","746189978008646","5","1","1"
"9s8rTSN1Z1gDQuoV3PL6","Test_Corp_7","3","1739","746189977008647","746189978008647","4","1","0"
"9s8rTSN1Z1gDQuoV3PL6","Test_Corp_7","999","797","746189977008648","746189978008648","5","1","1"
"9s8rTSN1Z1gDQuoV3PL6","Test_Corp_7","3","1451","746189977008649","746189978008649","4","1","1"
"9s8rTSN1Z1gDQuoV3PL6","Test_Corp_7","1","702","746189977008650","746189978008650","5","1","0"
"9s8rTSN1Z1gDQuoV3PL6","Test_Corp_7","2","1574","746189977008651","746189978008651","4","1","1"
"9s8rTSN1Z1gDQuoV3PL6","Test_Corp_7","999","1458","746189977008652","746189978008652","5","1","0"
"9s8rTSN1Z1gDQuoV3PL6","Test_Corp_7","2","1623","746189977008653","746189978008653","4","1","1"
"9s8rTSN1Z1gDQuoV3PL6","Test_Corp_7","4","23","746189977008654","746189978008654","5","1","0"
"9s8rTSN1Z1gDQuoV3PL6","Test_Corp_7","3","176","746189977008655","746189978008655","4","1","1"
"9s8rTSN1Z1gDQuoV3PL6","Test_Corp_7","999","1048","746189977008656","746189978008656","5","1","1"
"9s8rTSN1Z1gDQuoV3PL6","Test_Corp_7","3","1058","746189977008657","746189978008657","4","1","0"
"9s8rTSN1Z1gDQuoV3PL6","Test_Corp_7","999","1226","746189977008658","746189978008658","5","1","1"
"9s8rTSN1Z1gDQuoV3PL6","Test_Corp_7","999","531","746189977008659","746189978008659","4","1","0"
"9s8rTSN1Z1gDQuoV3PL6","Test_Corp_7","2","709","746189977008660","746189978008660","5","1","1"
"9s8rTSN1Z1gDQuoV3PL6","Test_Corp_7","3","36","746189977008661","746189978008661","4","1","0"
"9s8rTSN1Z1gDQuoV3PL6","Test_Corp_7","1","710","746189977008662","746189978008662","5","1","1"
"9s8rTSN1Z1gDQuoV3PL6","Test_Corp_7","2","640","746189977008663","746189978008663","4","1","1"
"9s8rTSN1Z1gDQuoV3PL6","Test_Corp_7","1","945","746189977008664","746189978008664","5","1","0"
"9s8rTSN1Z1gDQuoV3PL6","Test_Corp_7","4","1371","746189977008665","746189978008665","4","1","1"
"9s8rTSN1Z1gDQuoV3PL6","Test_Corp_7","1","1978","746189977008666","746189978008666","5","1","0"
"9s8rTSN1Z1gDQuoV3PL6","Test_Corp_7","4","1695","746189977008667","746189978008667","4","1","1"
"9s8rTSN1Z1gDQuoV3PL6","Test_Corp_7","999","854","746189977008668","746189978008668","5","1","0"
"9s8rTSN1Z1gDQuoV3PL6","Test_Corp_7","999","1473","746189977008669","746189978008669","4","1","1"
"9s8rTSN1Z1gDQuoV3PL6","Test_Corp_7","2","918","746189977008670","746189978008670","5","1","1"
"9s8rTSN1Z1gDQuoV3PL6","Test_Corp_7","1","482","746189977008671","746189978008671","4","1","0"
"9s8rTSN1Z1gDQuoV3PL6","Test_Corp_7","999","86","746189977008672","746189978008672","5","1","1"
"9s8rTSN1Z1gDQuoV3PL6","Test_Corp_7","2","1337","746189977008673","746189978008673","4","1","0"
"9s8rTSN1Z1gDQuoV3PL6","Test_Corp_7","1","1913","746189977008674","746189978008674","5","1","1"
"9s8rTSN1Z1gDQuoV3PL6","Test_Corp_7","1","745","746189977008675","746189978008675","4","1","0"
"9s8rTSN1Z1gDQuoV3PL6","Test_Corp_7","999","1362","746189977008676","746189978008676","5","1","1"
"9s8rTSN1Z1gDQuoV3PL6","Test_Corp_7","999","1924","746189977008677","746189978008677","4","1","1"
"9s8rTSN1Z1gDQuoV3PL6","Test_Corp_7","4","1453","746189977008678","746189978008678","5","1","0"
"9s8rTSN1Z1gDQuoV3PL6","Test_Corp_7","4","1463","746189977008679","746189978008679","4","1","1"
"9s8rTSN1Z1gDQuoV3PL6","Test_Corp_7","4","688","746189977008680","746189978008680","5","1","0"
"9s8rTSN1Z1gDQuoV3PL6","Test_Corp_7","1","1265","746189977008681","746189978008681","4","1","1"
"9s8rTSN1Z1gDQuoV3PL6","Test_Corp_7","3","772","746189977008682","746189978008682","5","1","0"
"9s8rTSN1Z1gDQuoV3PL6","Test_Corp_7","3","1383","746189977008683","746189978008683","4","1","1"
"9s8rTSN1Z1gDQuoV3PL6","Test_Corp_7","3","7","746189977008684","746189978008684","5","1","1"
"9s8rTSN1Z1gDQuoV3PL6","Test_Corp_7","3","100","746189977008685","746189978008685","4","1","0"
"9s8rTSN1Z1gDQuoV3PL6","Test_Corp_7","1","1838","746189977008686","746189978008686","5","1","1"
"9s8rTSN1Z1gDQuoV3PL6","Test_Corp_7","4","274","746189977008687","746189978008687","4","1","0"
"9s8rTSN1Z1gDQuoV3PL6","Test_Corp_7","999","1178","746189977008688","746189978008688","5","1","1"
"9s8rTSN1Z1gDQuoV3PL6","Test_Corp_7","2","501","746189977008689","746189978008689","4","1","0"
"9s8rTSN1Z1gDQuoV3PL6","Test_Corp_7","4","53","746189977008690","746189978008690","5","1","1"
"9s8rTSN1Z1gDQuoV3PL6","Test_Corp_7","2","697","746189977008691","746189978008691","4","1","1"
"9s8rTSN1Z1gDQuoV3PL6","Test_Corp_7","4","1752","746189977008692","746189978008692","5","1","0"
"9s8rTSN1Z1gDQuoV3PL6","Test_Corp_7","4","648","746189977008693","746189978008693","4","1","1"
"9s8rTSN1Z1gDQuoV3PL6","Test_Corp_7","999","22","746189977008694","746189978008694","5","1","0"
"9s8rTSN1Z1gDQuoV3PL6","Test_Corp_7","999","1538","746189977008695","746189978008695","4","1","1"
"9s8rTSN1Z1gDQuoV3PL6","Test_Corp_7","4","570","746189977008696","746189978008696","5","1","0"
"9s8rTSN1Z1gDQuoV3PL6","Test_Corp_7","999","533","746189977008697","746189978008697","4","1","1"
"9s8rTSN1Z1gDQuoV3PL6","Test_Corp_7","3","1684","746189977008698","746189978008698","5","1","1"
"9s8rTSN1Z1gDQuoV3PL6","Test_Corp_7","3","318","746189977008699","746189978008699","4","1","0"
"9s8rTSN1Z1gDQuoV3PL6","Test_Corp_7","1","1187","746189977008700","746189978008700","5","1","1"
"9s8rTSN1Z1gDQuoV3PL6","Test_Corp_7","4","1929","746189977008701","746189978008701","4","1","0"
"9s8rTSN1Z1gDQuoV3PL6","Test_Corp_7","999","466","746189977008702","746189978008702","5","1","1"
"9s8rTSN1Z1gDQuoV3PL6","Test_Corp_7","1","1441","746189977008703","746189978008703","4","1","0"
"9s8rTSN1Z1gDQuoV3PL6","Test_Corp_7","3","352","746189977008704","746189978008704","5","1","1"
"9s8rTSN1Z1gDQuoV3PL6","Test_Corp_7","999","391","746189977008705","746189978008705","4","1","1"
"9s8rTSN1Z1gDQuoV3PL6","Test_Corp_7","3","1024","746189977008706","746189978008706","5","1","0"
"9s8rTSN1Z1gDQuoV3PL6","Test_Corp_7","2","1613","746189977008707","746189978008707","4","1","1"
"9s8rTSN1Z1gDQuoV3PL6","Test_Corp_7","1","1522","746189977008708","746189978008708","5","1","0"
"9s8rTSN1Z1gDQuoV3PL6","Test_Corp_7","3","205","746189977008709","746189978008709","4","1","1"
"9s8rTSN1Z1gDQuoV3PL6","Test_Corp_7","2","1124","746189977008710","746189978008710","5","1","0"
"9s8rTSN1Z1gDQuoV3PL6","Test_Corp_7","4","969","746189977008711","746189978008711","4","1","1"
"9s8rTSN1Z1gDQuoV3PL6","Test_Corp_7","4","1723","746189977008712","746189978008712","5","1","1"
"9s8rTSN1Z1gDQuoV3PL6","Test_Corp_7","4","1597","746189977008713","746189978008713","4","1","0"
"9s8rTSN1Z1gDQuoV3PL6","Test_Corp_7","4","1255","746189977008714","746189978008714","5","1","1"
"9s8rTSN1Z1gDQuoV3PL6","Test_Corp_7","1","703","746189977008715","746189978008715","4","1","0"
"9s8rTSN1Z1gDQuoV3PL6","Test_Corp_7","2","1476","746189977008716","746189978008716","5","1","1"
"9s8rTSN1Z1gDQuoV3PL6","Test_Corp_7","1","1979","746189977008717","746189978008717","4","1","0"
"9s8rTSN1Z1gDQuoV3PL6","Test_Corp_7","4","1921","746189977008718","746189978008718","5","1","1"
"9s8rTSN1Z1gDQuoV3PL6","Test_Corp_7","3","483","746189977008719","746189978008719","4","1","1"
"9s8rTSN1Z1gDQuoV3PL6","Test_Corp_7","2","1443","746189977008720","746189978008720","5","1","0"
"9s8rTSN1Z1gDQuoV3PL6","Test_Corp_7","4","295","746189977008721","746189978008721","4","1","1"
"9s8rTSN1Z1gDQuoV3PL6","Test_Corp_7","1","1732","746189977008722","746189978008722","5","1","0"
"9s8rTSN1Z1gDQuoV3PL6","Test_Corp_7","1","1510","746189977008723","746189978008723","4","1","1"
"9s8rTSN1Z1gDQuoV3PL6","Test_Corp_7","4","1556","746189977008724","746189978008724","5","1","0"
"9s8rTSN1Z1gDQuoV3PL6","Test_Corp_7","1","1331","746189977008725","746189978008725","4","1","1"
"9s8rTSN1Z1gDQuoV3PL6","Test_Corp_7","999","372","746189977008726","746189978008726","5","1","1"
"9s8rTSN1Z1gDQuoV3PL6","Test_Corp_7","2","1248","746189977008727","746189978008727","4","1","0"
"9s8rTSN1Z1gDQuoV3PL6","Test_Corp_7","2","1213","746189977008728","746189978008728","5","1","1"
"9s8rTSN1Z1gDQuoV3PL6","Test_Corp_7","4","1949","746189977008729","746189978008729","4","1","0"
"9s8rTSN1Z1gDQuoV3PL6","Test_Corp_7","1","496","746189977008730","746189978008730","5","1","1"
"9s8rTSN1Z1gDQuoV3PL6","Test_Corp_7","999","38","746189977008731","746189978008731","4","1","0"
"9s8rTSN1Z1gDQuoV3PL6","Test_Corp_7","4","505","746189977008732","746189978008732","5","1","1"
"9s8rTSN1Z1gDQuoV3PL6","Test_Corp_7","999","1800","746189977008733","746189978008733","4","1","1"
"9s8rTSN1Z1gDQuoV3PL6","Test_Corp_7","2","1367","746189977008734","746189978008734","5","1","0"
"9s8rTSN1Z1gDQuoV3PL6","Test_Corp_7","1","1555","746189977008735","746189978008735","4","1","1"
"9s8rTSN1Z1gDQuoV3PL6","Test_Corp_7","1","756","746189977008736","746189978008736","5","1","0"
"9s8rTSN1Z1gDQuoV3PL6","Test_Corp_7","4","712","746189977008737","746189978008737","4","1","1"
"9s8rTSN1Z1gDQuoV3PL6","Test_Corp_7","4","1037","746189977008738","746189978008738","5","1","0"
"9s8rTSN1Z1gDQuoV3PL6","Test_Corp_7","1","691","746189977008739","746189978008739","4","1","1"
"9s8rTSN1Z1gDQuoV3PL6","Test_Corp_7","2","1159","746189977008740","746189978008740","5","1","1"
"9s8rTSN1Z1gDQuoV3PL6","Test_Corp_7","1","1004","746189977008741","746189978008741","4","1","0"
"9s8rTSN1Z1gDQuoV3PL6","Test_Corp_7","999","476","746189977008742","746189978008742","5","1","1"
"9s8rTSN1Z1gDQuoV3PL6","Test_Corp_7","999","17","746189977008743","746189978008743","4","1","0"
"9s8rTSN1Z1gDQuoV3PL6","Test_Corp_7","1","1223","746189977008744","746189978008744","5","1","1"
"9s8rTSN1Z1gDQuoV3PL6","Test_Corp_7","3","634","746189977008745","746189978008745","4","1","0"
"9s8rTSN1Z1gDQuoV3PL6","Test_Corp_7","2","1106","746189977008746","746189978008746","5","1","1"
"9s8rTSN1Z1gDQuoV3PL6","Test_Corp_7","4","1398","746189977008747","746189978008747","4","1","1"
"9s8rTSN1Z1gDQuoV3PL6","Test_Corp_7","3","211","746189977008748","746189978008748","5","1","0"
"9s8rTSN1Z1gDQuoV3PL6","Test_Corp_7","2","183","746189977008749","746189978008749","4","1","1"
"9s8rTSN1Z1gDQuoV3PL6","Test_Corp_7","2","1797","746189977008750","746189978008750","5","1","0"
"9s8rTSN1Z1gDQuoV3PL6","Test_Corp_7","1","1218","746189977008751","746189978008751","4","1","1"
"9s8rTSN1Z1gDQuoV3PL6","Test_Corp_7","1","1458","746189977008752","746189978008752","5","1","0"
"9s8rTSN1Z1gDQuoV3PL6","Test_Corp_7","2","970","746189977008753","746189978008753","4","1","1"
"9s8rTSN1Z1gDQuoV3PL6","Test_Corp_7","1","544","746189977008754","746189978008754","5","1","1"
"9s8rTSN1Z1gDQuoV3PL6","Test_Corp_7","1","1174","746189977008755","746189978008755","4","1","0"
"9s8rTSN1Z1gDQuoV3PL6","Test_Corp_7","4","912","746189977008756","746189978008756","5","1","1"
"9s8rTSN1Z1gDQuoV3PL6","Test_Corp_7","2","129","746189977008757","746189978008757","4","1","0"
"9s8rTSN1Z1gDQuoV3PL6","Test_Corp_7","3","792","746189977008758","746189978008758","5","1","1"
"9s8rTSN1Z1gDQuoV3PL6","Test_Corp_7","3","115","746189977008759","746189978008759","4","1","0"
"9s8rTSN1Z1gDQuoV3PL6","Test_Corp_7","2","1484","746189977008760","746189978008760","5","1","1"
"9s8rTSN1Z1gDQuoV3PL6","Test_Corp_7","999","678","746189977008761","746189978008761","4","1","1"
"9s8rTSN1Z1gDQuoV3PL6","Test_Corp_7","2","1170","746189977008762","746189978008762","5","1","0"
"9s8rTSN1Z1gDQuoV3PL6","Test_Corp_7","1","28","746189977008763","746189978008763","4","1","1"
"9s8rTSN1Z1gDQuoV3PL6","Test_Corp_7","999","1207","746189977008764","746189978008764","5","1","0"
"9s8rTSN1Z1gDQuoV3PL6","Test_Corp_7","3","77","746189977008765","746189978008765","4","1","1"
"9s8rTSN1Z1gDQuoV3PL6","Test_Corp_7","3","1472","746189977008766","746189978008766","5","1","0"
"9s8rTSN1Z1gDQuoV3PL6","Test_Corp_7","999","870","746189977008767","746189978008767","4","1","1"
"9s8rTSN1Z1gDQuoV3PL6","Test_Corp_7","1","981","746189977008768","746189978008768","5","1","1"
"9s8rTSN1Z1gDQuoV3PL6","Test_Corp_7","4","281","746189977008769","746189978008769","4","1","0"
"9s8rTSN1Z1gDQuoV3PL6","Test_Corp_7","3","22","746189977008770","746189978008770","5","1","1"
"9s8rTSN1Z1gDQuoV3PL6","Test_Corp_7","4","1518","746189977008771","746189978008771","4","1","0"
"9s8rTSN1Z1gDQuoV3PL6","Test_Corp_7","1","340","746189977008772","746189978008772","5","1","1"
"9s8rTSN1Z1gDQuoV3PL6","Test_Corp_7","4","1115","746189977008773","746189978008773","4","1","0"
"9s8rTSN1Z1gDQuoV3PL6","Test_Corp_7","3","1143","746189977008774","746189978008774","5","1","1"
"9s8rTSN1Z1gDQuoV3PL6","Test_Corp_7","1","928","746189977008775","746189978008775","4","1","1"
"9s8rTSN1Z1gDQuoV3PL6","Test_Corp_7","1","1259","746189977008776","746189978008776","5","1","0"
"9s8rTSN1Z1gDQuoV3PL6","Test_Corp_7","4","1243","746189977008777","746189978008777","4","1","1"
"9s8rTSN1Z1gDQuoV3PL6","Test_Corp_7","999","1559","746189977008778","746189978008778","5","1","0"
"9s8rTSN1Z1gDQuoV3PL6","Test_Corp_7","999","1139","746189977008779","746189978008779","4","1","1"
"9s8rTSN1Z1gDQuoV3PL6","Test_Corp_7","3","164","746189977008780","746189978008780","5","1","0"
"9s8rTSN1Z1gDQuoV3PL6","Test_Corp_7","3","430","746189977008781","746189978008781","4","1","1"
"9s8rTSN1Z1gDQuoV3PL6","Test_Corp_7","999","1158","746189977008782","746189978008782","5","1","1"
"9s8rTSN1Z1gDQuoV3PL6","Test_Corp_7","3","1244","746189977008783","746189978008783","4","1","0"
"9s8rTSN1Z1gDQuoV3PL6","Test_Corp_7","1","221","746189977008784","746189978008784","5","1","1"
"9s8rTSN1Z1gDQuoV3PL6","Test_Corp_7","3","69","746189977008785","746189978008785","4","1","0"
"9s8rTSN1Z1gDQuoV3PL6","Test_Corp_7","999","1961","746189977008786","746189978008786","5","1","1"
"9s8rTSN1Z1gDQuoV3PL6","Test_Corp_7","999","813","746189977008787","746189978008787","4","1","0"
"9s8rTSN1Z1gDQuoV3PL6","Test_Corp_7","4","1468","746189977008788","746189978008788","5","1","1"
"9s8rTSN1Z1gDQuoV3PL6","Test_Corp_7","4","721","746189977008789","746189978008789","4","1","1"
"9s8rTSN1Z1gDQuoV3PL6","Test_Corp_7","2","122","746189977008790","746189978008790","5","1","0"
"9s8rTSN1Z1gDQuoV3PL6","Test_Corp_7","1","437","746189977008791","746189978008791","4","1","1"
"9s8rTSN1Z1gDQuoV3PL6","Test_Corp_7","4","1781","746189977008792","746189978008792","5","1","0"
"9s8rTSN1Z1gDQuoV3PL6","Test_Corp_7","999","609","746189977008793","746189978008793","4","1","1"
"9s8rTSN1Z1gDQuoV3PL6","Test_Corp_7","3","383","746189977008794","746189978008794","5","1","0"
"9s8rTSN1Z1gDQuoV3PL6","Test_Corp_7","3","1028","746189977008795","746189978008795","4","1","1"
"9s8rTSN1Z1gDQuoV3PL6","Test_Corp_7","4","1185","746189977008796","746189978008796","5","1","1"
"9s8rTSN1Z1gDQuoV3PL6","Test_Corp_7","2","483","746189977008797","746189978008797","4","1","0"
"9s8rTSN1Z1gDQuoV3PL6","Test_Corp_7","4","353","746189977008798","746189978008798","5","1","1"
"9s8rTSN1Z1gDQuoV3PL6","Test_Corp_7","4","1931","746189977008799","746189978008799","4","1","0"
"9s8rTSN1Z1gDQuoV3PL6","Test_Corp_7","999","65","746189977008800","746189978008800","5","1","1"
"9s8rTSN1Z1gDQuoV3PL6","Test_Corp_7","3","208","746189977008801","746189978008801","4","1","0"
"9s8rTSN1Z1gDQuoV3PL6","Test_Corp_7","3","599","746189977008802","746189978008802","5","1","1"
"9s8rTSN1Z1gDQuoV3PL6","Test_Corp_7","999","1577","746189977008803","746189978008803","4","1","1"
"9s8rTSN1Z1gDQuoV3PL6","Test_Corp_7","1","260","746189977008804","746189978008804","5","1","0"
"9s8rTSN1Z1gDQuoV3PL6","Test_Corp_7","2","1224","746189977008805","746189978008805","4","1","1"
"9s8rTSN1Z1gDQuoV3PL6","Test_Corp_7","3","682","746189977008806","746189978008806","5","1","0"
"9s8rTSN1Z1gDQuoV3PL6","Test_Corp_7","1","610","746189977008807","746189978008807","4","1","1"
"9s8rTSN1Z1gDQuoV3PL6","Test_Corp_7","3","1688","746189977008808","746189978008808","5","1","0"
"9s8rTSN1Z1gDQuoV3PL6","Test_Corp_7","2","42","746189977008809","746189978008809","4","1","1"
"9s8rTSN1Z1gDQuoV3PL6","Test_Corp_7","2","1525","746189977008810","746189978008810","5","1","1"
"9s8rTSN1Z1gDQuoV3PL6","Test_Corp_7","999","306","746189977008811","746189978008811","4","1","0"
"9s8rTSN1Z1gDQuoV3PL6","Test_Corp_7","4","1527","746189977008812","746189978008812","5","1","1"
"9s8rTSN1Z1gDQuoV3PL6","Test_Corp_7","2","353","746189977008813","746189978008813","4","1","0"
"9s8rTSN1Z1gDQuoV3PL6","Test_Corp_7","4","1459","746189977008814","746189978008814","5","1","1"
"9s8rTSN1Z1gDQuoV3PL6","Test_Corp_7","4","1071","746189977008815","746189978008815","4","1","0"
"9s8rTSN1Z1gDQuoV3PL6","Test_Corp_7","4","1255","746189977008816","746189978008816","5","1","1"
"9s8rTSN1Z1gDQuoV3PL6","Test_Corp_7","3","1411","746189977008817","746189978008817","4","1","1"
"9s8rTSN1Z1gDQuoV3PL6","Test_Corp_7","999","353","746189977008818","746189978008818","5","1","0"
"9s8rTSN1Z1gDQuoV3PL6","Test_Corp_7","4","266","746189977008819","746189978008819","4","1","1"
"9s8rTSN1Z1gDQuoV3PL6","Test_Corp_7","2","590","746189977008820","746189978008820","5","1","0"
"9s8rTSN1Z1gDQuoV3PL6","Test_Corp_7","3","1447","746189977008821","746189978008821","4","1","1"
"9s8rTSN1Z1gDQuoV3PL6","Test_Corp_7","1","1274","746189977008822","746189978008822","5","1","0"
"9s8rTSN1Z1gDQuoV3PL6","Test_Corp_7","999","1853","746189977008823","746189978008823","4","1","1"
"9s8rTSN1Z1gDQuoV3PL6","Test_Corp_7","4","1232","746189977008824","746189978008824","5","1","1"
"9s8rTSN1Z1gDQuoV3PL6","Test_Corp_7","999","1791","746189977008825","746189978008825","4","1","0"
"9s8rTSN1Z1gDQuoV3PL6","Test_Corp_7","4","561","746189977008826","746189978008826","5","1","1"
"9s8rTSN1Z1gDQuoV3PL6","Test_Corp_7","2","1442","746189977008827","746189978008827","4","1","0"
"9s8rTSN1Z1gDQuoV3PL6","Test_Corp_7","2","1638","746189977008828","746189978008828","5","1","1"
"9s8rTSN1Z1gDQuoV3PL6","Test_Corp_7","4","783","746189977008829","746189978008829","4","1","0"
"9s8rTSN1Z1gDQuoV3PL6","Test_Corp_7","1","245","746189977008830","746189978008830","5","1","1"
"9s8rTSN1Z1gDQuoV3PL6","Test_Corp_7","3","88","746189977008831","746189978008831","4","1","1"
"9s8rTSN1Z1gDQuoV3PL6","Test_Corp_7","2","1237","746189977008832","746189978008832","5","1","0"
"9s8rTSN1Z1gDQuoV3PL6","Test_Corp_7","999","294","746189977008833","746189978008833","4","1","1"
"9s8rTSN1Z1gDQuoV3PL6","Test_Corp_7","999","1551","746189977008834","746189978008834","5","1","0"
"9s8rTSN1Z1gDQuoV3PL6","Test_Corp_7","2","1989","746189977008835","746189978008835","4","1","1"
"9s8rTSN1Z1gDQuoV3PL6","Test_Corp_7","1","115","746189977008836","746189978008836","5","1","0"
"9s8rTSN1Z1gDQuoV3PL6","Test_Corp_7","2","44","746189977008837","746189978008837","4","1","1"
"9s8rTSN1Z1gDQuoV3PL6","Test_Corp_7","999","387","746189977008838","746189978008838","5","1","1"
"9s8rTSN1Z1gDQuoV3PL6","Test_Corp_7","999","833","746189977008839","746189978008839","4","1","0"
"9s8rTSN1Z1gDQuoV3PL6","Test_Corp_7","999","706","746189977008840","746189978008840","5","1","1"
"9s8rTSN1Z1gDQuoV3PL6","Test_Corp_7","1","967","746189977008841","746189978008841","4","1","0"
"9s8rTSN1Z1gDQuoV3PL6","Test_Corp_7","4","1923","746189977008842","746189978008842","5","1","1"
"9s8rTSN1Z1gDQuoV3PL6","Test_Corp_7","999","385","746189977008843","746189978008843","4","1","0"
"9s8rTSN1Z1gDQuoV3PL6","Test_Corp_7","4","139","746189977008844","746189978008844","5","1","1"
"9s8rTSN1Z1gDQuoV3PL6","Test_Corp_7","2","647","746189977008845","746189978008845","4","1","1"
"9s8rTSN1Z1gDQuoV3PL6","Test_Corp_7","999","1698","746189977008846","746189978008846","5","1","0"
"9s8rTSN1Z1gDQuoV3PL6","Test_Corp_7","4","1269","746189977008847","746189978008847","4","1","1"
"9s8rTSN1Z1gDQuoV3PL6","Test_Corp_7","999","770","746189977008848","746189978008848","5","1","0"
"9s8rTSN1Z1gDQuoV3PL6","Test_Corp_7","2","1273","746189977008849","746189978008849","4","1","1"
"9s8rTSN1Z1gDQuoV3PL6","Test_Corp_7","3","482","746189977008850","746189978008850","5","1","0"
"9s8rTSN1Z1gDQuoV3PL6","Test_Corp_7","3","267","746189977008851","746189978008851","4","1","1"
"9s8rTSN1Z1gDQuoV3PL6","Test_Corp_7","4","794","746189977008852","746189978008852","5","1","1"
"9s8rTSN1Z1gDQuoV3PL6","Test_Corp_7","3","1338","746189977008853","746189978008853","4","1","0"
"9s8rTSN1Z1gDQuoV3PL6","Test_Corp_7","2","475","746189977008854","746189978008854","5","1","1"
"9s8rTSN1Z1gDQuoV3PL6","Test_Corp_7","3","153","746189977008855","746189978008855","4","1","0"
"9s8rTSN1Z1gDQuoV3PL6","Test_Corp_7","3","1445","746189977008856","746189978008856","5","1","1"
"9s8rTSN1Z1gDQuoV3PL6","Test_Corp_7","2","1633","746189977008857","746189978008857","4","1","0"
"9s8rTSN1Z1gDQuoV3PL6","Test_Corp_7","1","880","746189977008858","746189978008858","5","1","1"
"9s8rTSN1Z1gDQuoV3PL6","Test_Corp_7","1","104","746189977008859","746189978008859","4","1","1"
"9s8rTSN1Z1gDQuoV3PL6","Test_Corp_7","999","806","746189977008860","746189978008860","5","1","0"
"9s8rTSN1Z1gDQuoV3PL6","Test_Corp_7","1","670","746189977008861","746189978008861","4","1","1"
"9s8rTSN1Z1gDQuoV3PL6","Test_Corp_7","999","1783","746189977008862","746189978008862","5","1","0"
"9s8rTSN1Z1gDQuoV3PL6","Test_Corp_7","1","1384","746189977008863","746189978008863","4","1","1"
"9s8rTSN1Z1gDQuoV3PL6","Test_Corp_7","2","485","746189977008864","746189978008864","5","1","0"
"9s8rTSN1Z1gDQuoV3PL6","Test_Corp_7","4","1354","746189977008865","746189978008865","4","1","1"
"9s8rTSN1Z1gDQuoV3PL6","Test_Corp_7","3","705","746189977008866","746189978008866","5","1","1"
"9s8rTSN1Z1gDQuoV3PL6","Test_Corp_7","999","1929","746189977008867","746189978008867","4","1","0"
"9s8rTSN1Z1gDQuoV3PL6","Test_Corp_7","2","1230","746189977008868","746189978008868","5","1","1"
"9s8rTSN1Z1gDQuoV3PL6","Test_Corp_7","2","1554","746189977008869","746189978008869","4","1","0"
"9s8rTSN1Z1gDQuoV3PL6","Test_Corp_7","4","1175","746189977008870","746189978008870","5","1","1"
"9s8rTSN1Z1gDQuoV3PL6","Test_Corp_7","1","78","746189977008871","746189978008871","4","1","0"
"9s8rTSN1Z1gDQuoV3PL6","Test_Corp_7","4","1385","746189977008872","746189978008872","5","1","1"
"9s8rTSN1Z1gDQuoV3PL6","Test_Corp_7","3","1586","746189977008873","746189978008873","4","1","1"
"9s8rTSN1Z1gDQuoV3PL6","Test_Corp_7","2","1220","746189977008874","746189978008874","5","1","0"
"9s8rTSN1Z1gDQuoV3PL6","Test_Corp_7","3","988","746189977008875","746189978008875","4","1","1"
"9s8rTSN1Z1gDQuoV3PL6","Test_Corp_7","1","256","746189977008876","746189978008876","5","1","0"
"9s8rTSN1Z1gDQuoV3PL6","Test_Corp_7","2","1439","746189977008877","746189978008877","4","1","1"
"9s8rTSN1Z1gDQuoV3PL6","Test_Corp_7","1","529","746189977008878","746189978008878","5","1","0"
"9s8rTSN1Z1gDQuoV3PL6","Test_Corp_7","999","855","746189977008879","746189978008879","4","1","1"
"9s8rTSN1Z1gDQuoV3PL6","Test_Corp_7","3","1130","746189977008880","746189978008880","5","1","1"
"9s8rTSN1Z1gDQuoV3PL6","Test_Corp_7","3","555","746189977008881","746189978008881","4","1","0"
"9s8rTSN1Z1gDQuoV3PL6","Test_Corp_7","2","1393","746189977008882","746189978008882","5","1","1"
"9s8rTSN1Z1gDQuoV3PL6","Test_Corp_7","3","1159","746189977008883","746189978008883","4","1","0"
"9s8rTSN1Z1gDQuoV3PL6","Test_Corp_7","3","1910","746189977008884","746189978008884","5","1","1"
"9s8rTSN1Z1gDQuoV3PL6","Test_Corp_7","999","122","746189977008885","746189978008885","4","1","0"
"9s8rTSN1Z1gDQuoV3PL6","Test_Corp_7","2","663","746189977008886","746189978008886","5","1","1"
"9s8rTSN1Z1gDQuoV3PL6","Test_Corp_7","2","1697","746189977008887","746189978008887","4","1","1"
"9s8rTSN1Z1gDQuoV3PL6","Test_Corp_7","1","144","746189977008888","746189978008888","5","1","0"
"9s8rTSN1Z1gDQuoV3PL6","Test_Corp_7","3","1597","746189977008889","746189978008889","4","1","1"
"9s8rTSN1Z1gDQuoV3PL6","Test_Corp_7","4","164","746189977008890","746189978008890","5","1","0"
"9s8rTSN1Z1gDQuoV3PL6","Test_Corp_7","1","84","746189977008891","746189978008891","4","1","1"
"9s8rTSN1Z1gDQuoV3PL6","Test_Corp_7","999","1310","746189977008892","746189978008892","5","1","0"
"9s8rTSN1Z1gDQuoV3PL6","Test_Corp_7","3","346","746189977008893","746189978008893","4","1","1"
"9s8rTSN1Z1gDQuoV3PL6","Test_Corp_7","3","575","746189977008894","746189978008894","5","1","1"
"9s8rTSN1Z1gDQuoV3PL6","Test_Corp_7","4","481","746189977008895","746189978008895","4","1","0"
"9s8rTSN1Z1gDQuoV3PL6","Test_Corp_7","2","857","746189977008896","746189978008896","5","1","1"
"9s8rTSN1Z1gDQuoV3PL6","Test_Corp_7","999","1689","746189977008897","746189978008897","4","1","0"
"9s8rTSN1Z1gDQuoV3PL6","Test_Corp_7","3","1626","746189977008898","746189978008898","5","1","1"
"9s8rTSN1Z1gDQuoV3PL6","Test_Corp_7","999","617","746189977008899","746189978008899","4","1","0"
"9s8rTSN1Z1gDQuoV3PL6","Test_Corp_7","3","217","746189977008900","746189978008900","5","1","1"
"9s8rTSN1Z1gDQuoV3PL6","Test_Corp_7","3","318","746189977008901","746189978008901","4","1","1"
"9s8rTSN1Z1gDQuoV3PL6","Test_Corp_7","3","999","746189977008902","746189978008902","5","1","0"
"9s8rTSN1Z1gDQuoV3PL6","Test_Corp_7","2","366","746189977008903","746189978008903","4","1","1"
"9s8rTSN1Z1gDQuoV3PL6","Test_Corp_7","2","4","746189977008904","746189978008904","5","1","0"
"9s8rTSN1Z1gDQuoV3PL6","Test_Corp_7","4","1132","746189977008905","746189978008905","4","1","1"
"9s8rTSN1Z1gDQuoV3PL6","Test_Corp_7","1","1459","746189977008906","746189978008906","5","1","0"
"9s8rTSN1Z1gDQuoV3PL6","Test_Corp_7","3","1958","746189977008907","746189978008907","4","1","1"
"9s8rTSN1Z1gDQuoV3PL6","Test_Corp_7","2","789","746189977008908","746189978008908","5","1","1"
"9s8rTSN1Z1gDQuoV3PL6","Test_Corp_7","1","1758","746189977008909","746189978008909","4","1","0"
"9s8rTSN1Z1gDQuoV3PL6","Test_Corp_7","2","444","746189977008910","746189978008910","5","1","1"
"9s8rTSN1Z1gDQuoV3PL6","Test_Corp_7","1","691","746189977008911","746189978008911","4","1","0"
"9s8rTSN1Z1gDQuoV3PL6","Test_Corp_7","1","1775","746189977008912","746189978008912","5","1","1"
"9s8rTSN1Z1gDQuoV3PL6","Test_Corp_7","1","1808","746189977008913","746189978008913","4","1","0"
"9s8rTSN1Z1gDQuoV3PL6","Test_Corp_7","4","1950","746189977008914","746189978008914","5","1","1"
"9s8rTSN1Z1gDQuoV3PL6","Test_Corp_7","999","832","746189977008915","746189978008915","4","1","1"
"9s8rTSN1Z1gDQuoV3PL6","Test_Corp_7","2","572","746189977008916","746189978008916","5","1","0"
"9s8rTSN1Z1gDQuoV3PL6","Test_Corp_7","2","554","746189977008917","746189978008917","4","1","1"
"9s8rTSN1Z1gDQuoV3PL6","Test_Corp_7","1","475","746189977008918","746189978008918","5","1","0"
"9s8rTSN1Z1gDQuoV3PL6","Test_Corp_7","3","1197","746189977008919","746189978008919","4","1","1"
"9s8rTSN1Z1gDQuoV3PL6","Test_Corp_7","1","882","746189977008920","746189978008920","5","1","0"
"9s8rTSN1Z1gDQuoV3PL6","Test_Corp_7","4","1847","746189977008921","746189978008921","4","1","1"
"9s8rTSN1Z1gDQuoV3PL6","Test_Corp_7","999","179","746189977008922","746189978008922","5","1","1"
"9s8rTSN1Z1gDQuoV3PL6","Test_Corp_7","1","1184","746189977008923","746189978008923","4","1","0"
"9s8rTSN1Z1gDQuoV3PL6","Test_Corp_7","1","1211","746189977008924","746189978008924","5","1","1"
"9s8rTSN1Z1gDQuoV3PL6","Test_Corp_7","2","272","746189977008925","746189978008925","4","1","0"
"9s8rTSN1Z1gDQuoV3PL6","Test_Corp_7","1","846","746189977008926","746189978008926","5","1","1"
"9s8rTSN1Z1gDQuoV3PL6","Test_Corp_7","4","1072","746189977008927","746189978008927","4","1","0"
"9s8rTSN1Z1gDQuoV3PL6","Test_Corp_7","4","1360","746189977008928","746189978008928","5","1","1"
"9s8rTSN1Z1gDQuoV3PL6","Test_Corp_7","3","1335","746189977008929","746189978008929","4","1","1"
"9s8rTSN1Z1gDQuoV3PL6","Test_Corp_7","4","335","746189977008930","746189978008930","5","1","0"
"9s8rTSN1Z1gDQuoV3PL6","Test_Corp_7","3","574","746189977008931","746189978008931","4","1","1"
"9s8rTSN1Z1gDQuoV3PL6","Test_Corp_7","2","1088","746189977008932","746189978008932","5","1","0"
"9s8rTSN1Z1gDQuoV3PL6","Test_Corp_7","1","1597","746189977008933","746189978008933","4","1","1"
"9s8rTSN1Z1gDQuoV3PL6","Test_Corp_7","1","1748","746189977008934","746189978008934","5","1","0"
"9s8rTSN1Z1gDQuoV3PL6","Test_Corp_7","4","983","746189977008935","746189978008935","4","1","1"
"9s8rTSN1Z1gDQuoV3PL6","Test_Corp_7","1","432","746189977008936","746189978008936","5","1","1"
"9s8rTSN1Z1gDQuoV3PL6","Test_Corp_7","1","1555","746189977008937","746189978008937","4","1","0"
"9s8rTSN1Z1gDQuoV3PL6","Test_Corp_7","1","1751","746189977008938","746189978008938","5","1","1"
"9s8rTSN1Z1gDQuoV3PL6","Test_Corp_7","3","1809","746189977008939","746189978008939","4","1","0"
"9s8rTSN1Z1gDQuoV3PL6","Test_Corp_7","4","769","746189977008940","746189978008940","5","1","1"
"9s8rTSN1Z1gDQuoV3PL6","Test_Corp_7","4","1230","746189977008941","746189978008941","4","1","0"
"9s8rTSN1Z1gDQuoV3PL6","Test_Corp_7","3","447","746189977008942","746189978008942","5","1","1"
"9s8rTSN1Z1gDQuoV3PL6","Test_Corp_7","4","1630","746189977008943","746189978008943","4","1","1"
"9s8rTSN1Z1gDQuoV3PL6","Test_Corp_7","1","1312","746189977008944","746189978008944","5","1","0"
"9s8rTSN1Z1gDQuoV3PL6","Test_Corp_7","3","723","746189977008945","746189978008945","4","1","1"
"9s8rTSN1Z1gDQuoV3PL6","Test_Corp_7","3","1412","746189977008946","746189978008946","5","1","0"
"9s8rTSN1Z1gDQuoV3PL6","Test_Corp_7","3","1954","746189977008947","746189978008947","4","1","1"
"9s8rTSN1Z1gDQuoV3PL6","Test_Corp_7","2","1058","746189977008948","746189978008948","5","1","0"
"9s8rTSN1Z1gDQuoV3PL6","Test_Corp_7","999","480","746189977008949","746189978008949","4","1","1"
"9s8rTSN1Z1gDQuoV3PL6","Test_Corp_7","2","134","746189977008950","746189978008950","5","1","1"
"9s8rTSN1Z1gDQuoV3PL6","Test_Corp_7","2","903","746189977008951","746189978008951","4","1","0"
"9s8rTSN1Z1gDQuoV3PL6","Test_Corp_7","999","1353","746189977008952","746189978008952","5","1","1"
"9s8rTSN1Z1gDQuoV3PL6","Test_Corp_7","1","1664","746189977008953","746189978008953","4","1","0"
"9s8rTSN1Z1gDQuoV3PL6","Test_Corp_7","4","1021","746189977008954","746189978008954","5","1","1"
"9s8rTSN1Z1gDQuoV3PL6","Test_Corp_7","999","73","746189977008955","746189978008955","4","1","0"
"9s8rTSN1Z1gDQuoV3PL6","Test_Corp_7","4","1088","746189977008956","746189978008956","5","1","1"
"9s8rTSN1Z1gDQuoV3PL6","Test_Corp_7","4","917","746189977008957","746189978008957","4","1","1"
"9s8rTSN1Z1gDQuoV3PL6","Test_Corp_7","1","68","746189977008958","746189978008958","5","1","0"
"9s8rTSN1Z1gDQuoV3PL6","Test_Corp_7","4","462","746189977008959","746189978008959","4","1","1"
"9s8rTSN1Z1gDQuoV3PL6","Test_Corp_7","3","313","746189977008960","746189978008960","5","1","0"
"9s8rTSN1Z1gDQuoV3PL6","Test_Corp_7","1","516","746189977008961","746189978008961","4","1","1"
"9s8rTSN1Z1gDQuoV3PL6","Test_Corp_7","2","1082","746189977008962","746189978008962","5","1","0"
"9s8rTSN1Z1gDQuoV3PL6","Test_Corp_7","999","1102","746189977008963","746189978008963","4","1","1"
"9s8rTSN1Z1gDQuoV3PL6","Test_Corp_7","3","891","746189977008964","746189978008964","5","1","1"
"9s8rTSN1Z1gDQuoV3PL6","Test_Corp_7","2","917","746189977008965","746189978008965","4","1","0"
"9s8rTSN1Z1gDQuoV3PL6","Test_Corp_7","3","882","746189977008966","746189978008966","5","1","1"
"9s8rTSN1Z1gDQuoV3PL6","Test_Corp_7","3","1217","746189977008967","746189978008967","4","1","0"
"9s8rTSN1Z1gDQuoV3PL6","Test_Corp_7","999","1480","746189977008968","746189978008968","5","1","1"
"9s8rTSN1Z1gDQuoV3PL6","Test_Corp_7","3","142","746189977008969","746189978008969","4","1","0"
"9s8rTSN1Z1gDQuoV3PL6","Test_Corp_7","2","291","746189977008970","746189978008970","5","1","1"
"9s8rTSN1Z1gDQuoV3PL6","Test_Corp_7","3","855","746189977008971","746189978008971","4","1","1"
"9s8rTSN1Z1gDQuoV3PL6","Test_Corp_7","3","1625","746189977008972","746189978008972","5","1","0"
"9s8rTSN1Z1gDQuoV3PL6","Test_Corp_7","2","489","746189977008973","746189978008973","4","1","1"
"9s8rTSN1Z1gDQuoV3PL6","Test_Corp_7","1","1791","746189977008974","746189978008974","5","1","0"
"9s8rTSN1Z1gDQuoV3PL6","Test_Corp_7","4","848","746189977008975","746189978008975","4","1","1"
"9s8rTSN1Z1gDQuoV3PL6","Test_Corp_7","4","381","746189977008976","746189978008976","5","1","0"
"9s8rTSN1Z1gDQuoV3PL6","Test_Corp_7","999","1801","746189977008977","746189978008977","4","1","1"
"9s8rTSN1Z1gDQuoV3PL6","Test_Corp_7","1","1067","746189977008978","746189978008978","5","1","1"
"9s8rTSN1Z1gDQuoV3PL6","Test_Corp_7","2","1391","746189977008979","746189978008979","4","1","0"
"9s8rTSN1Z1gDQuoV3PL6","Test_Corp_7","1","1815","746189977008980","746189978008980","5","1","1"
"9s8rTSN1Z1gDQuoV3PL6","Test_Corp_7","2","1911","746189977008981","746189978008981","4","1","0"
"9s8rTSN1Z1gDQuoV3PL6","Test_Corp_7","4","1301","746189977008982","746189978008982","5","1","1"
"9s8rTSN1Z1gDQuoV3PL6","Test_Corp_7","999","619","746189977008983","746189978008983","4","1","0"
"9s8rTSN1Z1gDQuoV3PL6","Test_Corp_7","4","250","746189977008984","746189978008984","5","1","1"
"9s8rTSN1Z1gDQuoV3PL6","Test_Corp_7","4","1931","746189977008985","746189978008985","4","1","1"
"9s8rTSN1Z1gDQuoV3PL6","Test_Corp_7","4","458","746189977008986","746189978008986","5","1","0"
"9s8rTSN1Z1gDQuoV3PL6","Test_Corp_7","4","1634","746189977008987","746189978008987","4","1","1"
"9s8rTSN1Z1gDQuoV3PL6","Test_Corp_7","3","1659","746189977008988","746189978008988","5","1","0"
"9s8rTSN1Z1gDQuoV3PL6","Test_Corp_7","1","1320","746189977008989","746189978008989","4","1","1"
"9s8rTSN1Z1gDQuoV3PL6","Test_Corp_7","3","515","746189977008990","746189978008990","5","1","0"
"9s8rTSN1Z1gDQuoV3PL6","Test_Corp_7","999","118","746189977008991","746189978008991","4","1","1"
"9s8rTSN1Z1gDQuoV3PL6","Test_Corp_7","1","83","746189977008992","746189978008992","5","1","1"
"9s8rTSN1Z1gDQuoV3PL6","Test_Corp_7","1","55","746189977008993","746189978008993","4","1","0"
"9s8rTSN1Z1gDQuoV3PL6","Test_Corp_7","1","1291","746189977008994","746189978008994","5","1","1"
"9s8rTSN1Z1gDQuoV3PL6","Test_Corp_7","3","1965","746189977008995","746189978008995","4","1","0"
"9s8rTSN1Z1gDQuoV3PL6","Test_Corp_7","4","1713","746189977008996","746189978008996","5","1","1"
"9s8rTSN1Z1gDQuoV3PL6","Test_Corp_7","3","136","746189977008997","746189978008997","4","1","0"
"9s8rTSN1Z1gDQuoV3PL6","Test_Corp_7","3","449","746189977008998","746189978008998","5","1","1"
"9s8rTSN1Z1gDQuoV3PL6","Test_Corp_7","3","1570","746189977008999","746189978008999","4","1","1"
"9s8rTSN1Z1gDQuoV3PL6","Test_Corp_7","2","206","746189977009000","746189978009000","5","1","0"